"OTU1","log2FoldChange","OTU","Kingdom","Phylum","Class","Order","Family","Genus","Species"
"00b5819148080b717d2e11c8e5cf25ee374ad05c",0.175551299666667,"00b5819148080b717d2e11c8e5cf25ee374ad05c","d__Bacteria","p__Firmicutes_A","c__Clostridia","o__Lachnospirales","f__Lachnospiraceae","g__Clostridium_Q","s__Clostridium_Q symbiosum"
"01b9fa38fca5310b4b07769d3b8fd1b91e8dbde6",-0.26501736425,"01b9fa38fca5310b4b07769d3b8fd1b91e8dbde6","d__Bacteria","p__Firmicutes_A","c__Clostridia","o__Oscillospirales","f__Oscillospiraceae","g__Intestinimonas","s__Intestinimonas butyriciproducens"
"01eb78f6a3e2cae974465460b01bcf732f9273cf",-0.20387474325,"01eb78f6a3e2cae974465460b01bcf732f9273cf","d__Bacteria","p__Firmicutes","c__Bacilli","o__Erysipelotrichales","f__Erysipelotrichaceae","g__Holdemanella","unidentified"
"04275ac29161113dc22eeb92d596def124b37373",0.0226187046666667,"04275ac29161113dc22eeb92d596def124b37373","d__Bacteria","p__Firmicutes_A","c__Clostridia","o__Oscillospirales","f__Butyricicoccaceae","g__Agathobaculum","s__Agathobaculum butyriciproducens"
"04ad1bf8ff4e32914011825abfdcb8dc2253c309",-0.076805232,"04ad1bf8ff4e32914011825abfdcb8dc2253c309","d__Bacteria","p__Bacteroidota","c__Bacteroidia","o__Bacteroidales","f__Rikenellaceae","g__Alistipes","s__Alistipes onderdonkii"
"04b54def9f428c2874300fdda1382659c8bb12a5",0.35731213475,"04b54def9f428c2874300fdda1382659c8bb12a5","d__Bacteria","p__Bacteroidota","c__Bacteroidia","o__Bacteroidales","f__Rikenellaceae","g__Alistipes","unidentified"
"058315feb5f0dbd44ab6a6f983f2e9951c2cf168",-0.197344255,"058315feb5f0dbd44ab6a6f983f2e9951c2cf168","d__Bacteria","p__Firmicutes_A","c__Clostridia","o__Lachnospirales","f__Lachnospiraceae","g__Acetatifactor","s__Acetatifactor sp900066565"
"05c3ed1450bec5332963c681037a93036a645562",0.435020607333333,"05c3ed1450bec5332963c681037a93036a645562","d__Bacteria","p__Firmicutes_A","c__Clostridia","o__Oscillospirales","f__Ruminococcaceae","g__Faecalibacterium","unidentified"
"07443c4ebca15c568e2e38f997cf05fc4d7390c1",-0.0576494857142857,"07443c4ebca15c568e2e38f997cf05fc4d7390c1","d__Bacteria","p__Proteobacteria","unidentified","unidentified","unidentified","unidentified","unidentified"
"075196b7efb2ac2443aba8f2938ba1002dbeb789",-0.58547040375,"075196b7efb2ac2443aba8f2938ba1002dbeb789","d__Bacteria","p__Firmicutes_A","c__Clostridia","o__Oscillospirales","f__Ruminococcaceae","g__Ruthenibacterium","s__Ruthenibacterium sp900546885"
"079bd0f00fc8de914fea8f5a1009e0a3ab1454c3",-1.784067802,"079bd0f00fc8de914fea8f5a1009e0a3ab1454c3","d__Bacteria","p__Firmicutes_A","c__Clostridia","o__Lachnospirales","f__Lachnospiraceae","g__Mediterraneibacter","s__Mediterraneibacter torques"
"081b89b7745ed16863ac909581aae7e738ff4bd5",-0.127900655666667,"081b89b7745ed16863ac909581aae7e738ff4bd5","d__Bacteria","p__Bacteroidota","c__Bacteroidia","o__Bacteroidales","f__Rikenellaceae","g__Alistipes_A","s__Alistipes_A ihumii"
"088ba54cafaafee29410b871cdd5f8c0c68f83e2",0.322973662333333,"088ba54cafaafee29410b871cdd5f8c0c68f83e2","d__Bacteria","p__Firmicutes_A","c__Clostridia","o__Oscillospirales","f__Ruminococcaceae","g__Ruminococcus_D","s__Ruminococcus_D bicirculans"
"08d10357a57ed665a2b8c44efbf0f991a4910125",0.264859316,"08d10357a57ed665a2b8c44efbf0f991a4910125","d__Bacteria","p__Firmicutes_A","c__Clostridia","o__Oscillospirales","f__Ruminococcaceae","g__Faecalibacterium","unidentified"
"09ebf5e99cc6884728b1e48731514e571ba35192",0.0252637144,"09ebf5e99cc6884728b1e48731514e571ba35192","d__Bacteria","p__Firmicutes_A","c__Clostridia","o__Lachnospirales","f__Lachnospiraceae","g__Agathobacter","s__Agathobacter rectalis"
"0b84a610bd79138a4d80b9202599e073171963c2",-0.0723564092,"0b84a610bd79138a4d80b9202599e073171963c2","d__Bacteria","p__Firmicutes_A","c__Clostridia","o__Oscillospirales","f__Oscillospiraceae","g__Oscillibacter","s__Oscillibacter sp000403435"
"0cb9aab441208704c21d098ddccb437ad2bb5fc0",-0.600640377166667,"0cb9aab441208704c21d098ddccb437ad2bb5fc0","d__Bacteria","p__Firmicutes_A","c__Clostridia","o__Oscillospirales","f__Butyricicoccaceae","g__Agathobaculum","s__Agathobaculum sp900291975"
"0cdc1e051d130da702039473f57152b7f01b5a24",-0.163927496875,"0cdc1e051d130da702039473f57152b7f01b5a24","d__Bacteria","p__Firmicutes_A","c__Clostridia","o__Oscillospirales","f__Acutalibacteraceae","g__Ruminococcus_E","unidentified"
"0dc238d6baf91f7308a0bc41893960a27bbf9ba0",-0.320742369125,"0dc238d6baf91f7308a0bc41893960a27bbf9ba0","d__Bacteria","p__Firmicutes_A","c__Clostridia","o__Lachnospirales","f__Lachnospiraceae","g__Dorea","unidentified"
"0e07796fb8f7cf3610e211bde6c8bcf6b15eb0b9",-0.102049251666667,"0e07796fb8f7cf3610e211bde6c8bcf6b15eb0b9","d__Bacteria","p__Firmicutes_A","c__Clostridia","o__Lachnospirales","f__Lachnospiraceae","unidentified","unidentified"
"0fe2a939340c47fb2ebde5025291a86fe0adc0d0",-0.10507491375,"0fe2a939340c47fb2ebde5025291a86fe0adc0d0","d__Bacteria","p__Firmicutes_A","c__Clostridia","o__Lachnospirales","f__Lachnospiraceae","g__Lachnospira","s__Lachnospira rogosae"
"113d81c9bede10cb439f923c8bfe0cb32890ea3a",-0.465128844714286,"113d81c9bede10cb439f923c8bfe0cb32890ea3a","d__Bacteria","p__Firmicutes_A","c__Clostridia","o__Lachnospirales","f__Lachnospiraceae","g__Ruminococcus_A","s__Ruminococcus_A sp000437095"
"154a924f63be8896b8fb28faf75e72d076084f67",0.01562032475,"154a924f63be8896b8fb28faf75e72d076084f67","d__Bacteria","p__Bacteroidota","c__Bacteroidia","o__Bacteroidales","f__Bacteroidaceae","g__Phocaeicola","s__Phocaeicola dorei"
"157c499470e8f25af0fe549473aa92fae54a6fdc",-0.146211275,"157c499470e8f25af0fe549473aa92fae54a6fdc","d__Bacteria","p__Bacteroidota","c__Bacteroidia","o__Bacteroidales","f__Bacteroidaceae","g__Bacteroides","unidentified"
"15ba7729615b360b7eb71dc8f3a0f32755dcc5bf",-0.00569524929875001,"15ba7729615b360b7eb71dc8f3a0f32755dcc5bf","d__Bacteria","p__Bacteroidota","c__Bacteroidia","o__Bacteroidales","f__Bacteroidaceae","g__Phocaeicola","s__Phocaeicola vulgatus"
"160d827ccaad7aaa278afdd322e2bf4a1668ff81",0.01440987925,"160d827ccaad7aaa278afdd322e2bf4a1668ff81","d__Bacteria","p__Bacteroidota","c__Bacteroidia","o__Bacteroidales","f__Bacteroidaceae","g__Bacteroides","s__Bacteroides uniformis"
"17f552bd6c9e75f51ad67a8986900692f382050e",0.457539129125,"17f552bd6c9e75f51ad67a8986900692f382050e","d__Bacteria","p__Firmicutes_A","c__Clostridia","o__Oscillospirales","f__Ruminococcaceae","g__Faecalibacterium","s__Faecalibacterium prausnitzii_G"
"1825e0276b9c35d84fd53a1c986f1f31978eb8d8",-0.3307690775,"1825e0276b9c35d84fd53a1c986f1f31978eb8d8","d__Bacteria","p__Bacteroidota","c__Bacteroidia","o__Bacteroidales","f__Bacteroidaceae","g__Bacteroides","s__Bacteroides salyersiae"
"188f280b73ec30880a9c43981864b5f5f9b94bb3",0.7855786035,"188f280b73ec30880a9c43981864b5f5f9b94bb3","d__Bacteria","p__Firmicutes_A","c__Clostridia","o__Oscillospirales","f__Ruminococcaceae","g__Faecalibacterium","unidentified"
"1a358ec1f08c3036d5b3f6b0e80f5464c3a2d95f",0.249459276,"1a358ec1f08c3036d5b3f6b0e80f5464c3a2d95f","d__Bacteria","p__Firmicutes_A","c__Clostridia","o__Lachnospirales","f__Lachnospiraceae","g__Hungatella_A","s__Hungatella_A sp003478355"
"1a6ec3afe71ba59dba96dab70f7dc0b5da2e4f45",0.008453145,"1a6ec3afe71ba59dba96dab70f7dc0b5da2e4f45","d__Bacteria","p__Actinobacteriota","c__Actinomycetia","o__Actinomycetales","f__Actinomycetaceae","g__Pauljensenia","unidentified"
"1cacaffd23418c9ec430b1636a51b6fb90f05682",-0.151461200333333,"1cacaffd23418c9ec430b1636a51b6fb90f05682","d__Bacteria","p__Firmicutes","c__Bacilli","o__Erysipelotrichales","f__Erysipelatoclostridiaceae","g__Erysipelatoclostridium","s__Erysipelatoclostridium spiroforme"
"1d4350761de14ba42fd4b3715cf51491d6d0c9b8",-0.508335159666667,"1d4350761de14ba42fd4b3715cf51491d6d0c9b8","d__Bacteria","p__Bacteroidota","c__Bacteroidia","o__Bacteroidales","f__Bacteroidaceae","g__Prevotellamassilia","s__Prevotellamassilia sp004558535"
"1dad97a1cd9c05a4f2be6d4858718f9b5133e206",-0.06388259675,"1dad97a1cd9c05a4f2be6d4858718f9b5133e206","d__Bacteria","p__Firmicutes_A","c__Clostridia","o__Lachnospirales","f__Lachnospiraceae","g__Blautia_A","unidentified"
"1fdf887c0ec5b48463b13364399f1fb6fe68315a",-0.13527648425,"1fdf887c0ec5b48463b13364399f1fb6fe68315a","d__Bacteria","p__Firmicutes_A","c__Clostridia","o__Oscillospirales","f__Oscillospiraceae","g__CAG-110","s__CAG-110 sp900544945"
"20f602501dcb4daed614f1273fc471e87fe9f570",-1.008565606,"20f602501dcb4daed614f1273fc471e87fe9f570","d__Bacteria","p__Firmicutes_A","c__Clostridia","o__TANB77","f__CAG-508","unidentified","unidentified"
"2121d02fed97ef400063411122ab85ea5c1ec618",-0.0868628215,"2121d02fed97ef400063411122ab85ea5c1ec618","d__Bacteria","p__Firmicutes_A","c__Clostridia","o__Lachnospirales","f__Lachnospiraceae","g__Agathobacter","s__Agathobacter rectalis"
"229a814b5c505c97f735e8f3167eb8f0f5ca7aad",-0.392643630625,"229a814b5c505c97f735e8f3167eb8f0f5ca7aad","d__Bacteria","p__Firmicutes_A","c__Clostridia","o__Lachnospirales","f__Lachnospiraceae","g__Bariatricus","s__Bariatricus comes"
"23d5620904ca85369637b0c1857b98a20de7504f",-0.5104738714,"23d5620904ca85369637b0c1857b98a20de7504f","d__Bacteria","p__Firmicutes_A","c__Clostridia","o__Oscillospirales","f__Ruminococcaceae","g__Ruminococcus_C","s__Ruminococcus_C callidus"
"24b6004290a044a02985f9331eb0ba6da1321502",1.05098622633333,"24b6004290a044a02985f9331eb0ba6da1321502","d__Bacteria","p__Firmicutes_A","c__Clostridia","o__Oscillospirales","f__Ruminococcaceae","g__Faecalibacterium","unidentified"
"2532139d61775fab74bcb3d07da851a0110ddd6b",-0.262325870125,"2532139d61775fab74bcb3d07da851a0110ddd6b","d__Bacteria","p__Firmicutes_A","c__Clostridia","o__Lachnospirales","f__Lachnospiraceae","g__Blautia_A","unidentified"
"26ae528aea66ad7a7c4434d0484d497058b0a5c3",-0.274427177625,"26ae528aea66ad7a7c4434d0484d497058b0a5c3","d__Bacteria","p__Firmicutes_A","c__Clostridia","o__Oscillospirales","f__Oscillospiraceae","g__Oscillibacter","unidentified"
"274dbe0715534e6776cca7410261aa95e5f64762",-1.044388333,"274dbe0715534e6776cca7410261aa95e5f64762","d__Bacteria","p__Firmicutes_A","c__Clostridia","o__TANB77","f__CAG-508","g__UMGS1994","s__UMGS1994 sp900553945"
"27be4d627b4d9a47c20b7a1b4c2bd12d37f5d580",-0.528990145571429,"27be4d627b4d9a47c20b7a1b4c2bd12d37f5d580","d__Bacteria","p__Firmicutes_A","c__Clostridia","o__Lachnospirales","f__Lachnospiraceae","g__Blautia_A","unidentified"
"28cc3ae988a6beca1a0bb19a995158df634086d0",0.0890756156666667,"28cc3ae988a6beca1a0bb19a995158df634086d0","d__Bacteria","p__Firmicutes_A","c__Clostridia","o__Lachnospirales","f__Lachnospiraceae","g__CAG-45","s__CAG-45 sp900066395"
"299c11837af517b02d32f9fbe1ffa7a4d07ded53",-0.540332587833333,"299c11837af517b02d32f9fbe1ffa7a4d07ded53","d__Bacteria","p__Firmicutes_A","c__Clostridia","o__Clostridiales","f__Clostridiaceae","g__Clostridium","unidentified"
"2b14337d91b62ea8f0320d3c430a06c5b96e3755",-0.085133774,"2b14337d91b62ea8f0320d3c430a06c5b96e3755","d__Bacteria","p__Firmicutes_A","c__Clostridia","o__Oscillospirales","f__Oscillospiraceae","g__CAG-83","s__CAG-83 sp900545585"
"2b667a25468efba808fd16b20eb8d8b17fde0fbc",0.1059323788,"2b667a25468efba808fd16b20eb8d8b17fde0fbc","d__Bacteria","p__Bacteroidota","c__Bacteroidia","o__Bacteroidales","f__Rikenellaceae","g__Alistipes","s__Alistipes obesi"
"2c8d9501560014a86daf1a0a03a71dd8a4db55a7",0.406402089333333,"2c8d9501560014a86daf1a0a03a71dd8a4db55a7","d__Bacteria","p__Firmicutes_A","c__Clostridia","o__Oscillospirales","f__Ruminococcaceae","g__Faecalibacterium","s__Faecalibacterium prausnitzii_G"
"2ca1fe1973dd151849fd894b72fd8e4c9e6b97a3",0.2092277275,"2ca1fe1973dd151849fd894b72fd8e4c9e6b97a3","d__Bacteria","p__Firmicutes_A","c__Clostridia","o__Oscillospirales","f__Ruminococcaceae","g__Faecalibacterium","unidentified"
"2d116b7d8c4c568009315e7df2f689e147e02ad6",0.6116310395,"2d116b7d8c4c568009315e7df2f689e147e02ad6","d__Bacteria","p__Firmicutes_A","c__Clostridia","o__Lachnospirales","f__Lachnospiraceae","unidentified","unidentified"
"2d26860381688c1d26d8fb5c0a63806caa4c87a7",-0.12725830975,"2d26860381688c1d26d8fb5c0a63806caa4c87a7","d__Bacteria","p__Firmicutes_A","c__Clostridia_A","o__Christensenellales","f__CAG-74","g__OEMS01","s__OEMS01 sp900199405"
"2e2aa48327491860732b3ac809b0a333f8d4605e",0.5778937975,"2e2aa48327491860732b3ac809b0a333f8d4605e","d__Bacteria","p__Firmicutes_A","c__Clostridia","o__Oscillospirales","f__Ruminococcaceae","g__Faecalibacterium","s__Faecalibacterium prausnitzii_G"
"2f10b70f625cb69f74d6b362e2b8eef0701eced4",-0.144275447571429,"2f10b70f625cb69f74d6b362e2b8eef0701eced4","d__Bacteria","p__Firmicutes_A","c__Clostridia","o__Oscillospirales","f__Acutalibacteraceae","g__Clostridium_A","s__Clostridium_A leptum"
"2f331ad51f76d989782a9cb63dbea94e4f8b844c",-0.857612400375,"2f331ad51f76d989782a9cb63dbea94e4f8b844c","d__Bacteria","p__Firmicutes_A","c__Clostridia","o__Lachnospirales","f__Lachnospiraceae","unidentified","unidentified"
"309bb02b594c5b7671b4d705002381b3a68234ae",-0.00938239500000002,"309bb02b594c5b7671b4d705002381b3a68234ae","d__Bacteria","p__Firmicutes_A","c__Clostridia","o__Oscillospirales","f__Oscillospiraceae","g__Sporobacter","s__Sporobacter termitidis"
"30b025f908f165b1c94b09832fd1ca6232130a8a",-0.236097899666667,"30b025f908f165b1c94b09832fd1ca6232130a8a","d__Bacteria","p__Actinobacteriota","c__Coriobacteriia","o__Coriobacteriales","f__Eggerthellaceae","g__CAG-1427","s__CAG-1427 sp900540345"
"30ecb1f1da3b85a41369a9b25887d8b07cbb6c01",-0.328438746833333,"30ecb1f1da3b85a41369a9b25887d8b07cbb6c01","d__Bacteria","p__Firmicutes_A","c__Clostridia","o__Lachnospirales","f__Lachnospiraceae","g__Blautia_A","unidentified"
"321f2b44cc54f62e78e77711aa671698c9827940",0.32992506,"321f2b44cc54f62e78e77711aa671698c9827940","d__Bacteria","p__Firmicutes_A","c__Clostridia","o__Lachnospirales","f__Lachnospiraceae","g__UBA7182","s__UBA7182 sp003480725"
"33b22d5716412321044f3b4366e6100edf1b198e",0.38406935825,"33b22d5716412321044f3b4366e6100edf1b198e","d__Bacteria","p__Bacteroidota","c__Bacteroidia","o__Bacteroidales","f__Bacteroidaceae","g__Bacteroides","unidentified"
"33b7c2fbd8e00341ac946beb17afae01c0cdb143",-0.398876197666667,"33b7c2fbd8e00341ac946beb17afae01c0cdb143","d__Bacteria","p__Bacteroidota","c__Bacteroidia","o__Bacteroidales","f__Bacteroidaceae","g__Bacteroides","unidentified"
"33ce45e961db43f499944f132d53680e158365da",-0.171307755833333,"33ce45e961db43f499944f132d53680e158365da","d__Bacteria","p__Firmicutes_A","c__Clostridia","o__Lachnospirales","f__Lachnospiraceae","g__Anaerobutyricum","s__Anaerobutyricum hallii_A"
"361d08513ea60b7cdb0e42ba5fbf4800068dc6a2",-0.190718041333333,"361d08513ea60b7cdb0e42ba5fbf4800068dc6a2","d__Bacteria","p__Firmicutes","c__Bacilli","o__Erysipelotrichales","f__Erysipelotrichaceae","g__Holdemania","s__Holdemania filiformis"
"365a58354dd6e8b08cfc461a6bc1b0c506a03970",-0.409872770333333,"365a58354dd6e8b08cfc461a6bc1b0c506a03970","d__Bacteria","p__Firmicutes_A","c__Clostridia","o__Lachnospirales","f__Lachnospiraceae","g__Blautia_A","unidentified"
"38971f4e99cd439588e1437c12164a367af697b4",0.823360377333333,"38971f4e99cd439588e1437c12164a367af697b4","d__Bacteria","p__Firmicutes_A","c__Clostridia","o__Oscillospirales","f__Ruminococcaceae","g__Faecalibacterium","unidentified"
"39ff5acb0c2cc37283199e2612fc610ff103aa29",-0.067813692,"39ff5acb0c2cc37283199e2612fc610ff103aa29","d__Bacteria","p__Firmicutes_A","c__Clostridia","o__Oscillospirales","f__Butyricicoccaceae","g__AM07-15","s__AM07-15 sp003477405"
"3ab64f7f705d4414c88fbf3a92763f6f976e46ec",-0.222461961125,"3ab64f7f705d4414c88fbf3a92763f6f976e46ec","d__Bacteria","p__Firmicutes_A","c__Clostridia","o__Oscillospirales","f__Ruminococcaceae","g__Gemmiger","s__Gemmiger qucibialis"
"3bc66b0703158a0b96dc880adbfc10c7de57cea4",0.297468063333333,"3bc66b0703158a0b96dc880adbfc10c7de57cea4","d__Bacteria","p__Firmicutes_A","c__Clostridia","o__Oscillospirales","f__Butyricicoccaceae","g__Agathobaculum","s__Agathobaculum butyriciproducens"
"3cad2e9cb2043bd3aa4d49afe723a62b87b763f6",-0.0959267495,"3cad2e9cb2043bd3aa4d49afe723a62b87b763f6","d__Bacteria","p__Firmicutes_A","c__Clostridia","o__Oscillospirales","f__Oscillospiraceae","g__Lawsonibacter","unidentified"
"3dda5fcad5f5227b7ddac18744495706138f73bc",0.101892912428571,"3dda5fcad5f5227b7ddac18744495706138f73bc","d__Bacteria","p__Firmicutes_A","c__Clostridia","o__Oscillospirales","f__Oscillospiraceae","g__Oscillibacter","s__Oscillibacter welbionis"
"3e699f7572e892da4b1bf3aac81cc65bbb0951e8",-0.0919511156666667,"3e699f7572e892da4b1bf3aac81cc65bbb0951e8","d__Bacteria","p__Firmicutes_A","c__Clostridia","o__Lachnospirales","f__Lachnospiraceae","g__Coprococcus","unidentified"
"40229e73b2f0b4c09041bfcd114ce450b4f5a05a",0.050393058,"40229e73b2f0b4c09041bfcd114ce450b4f5a05a","d__Bacteria","p__Bacteroidota","c__Bacteroidia","o__Bacteroidales","f__Bacteroidaceae","g__Bacteroides","s__Bacteroides caccae"
"40644d3d4964aa81081ea54bb4d0f55d42dda218",-0.153727969333333,"40644d3d4964aa81081ea54bb4d0f55d42dda218","d__Bacteria","p__Firmicutes_A","c__Clostridia","o__Monoglobales_A","f__UBA1381","g__CAG-41","s__CAG-41 sp900066215"
"4108dc84e615159b91e360f8a6d98cd5778a158d",-0.0923868895714286,"4108dc84e615159b91e360f8a6d98cd5778a158d","d__Bacteria","p__Firmicutes_A","c__Clostridia","o__Lachnospirales","f__Lachnospiraceae","g__Coprococcus_A","s__Coprococcus_A catus"
"432432006c132441636ae39ad1ece089eb418b98",-0.0828951595,"432432006c132441636ae39ad1ece089eb418b98","d__Bacteria","p__Firmicutes_A","c__Clostridia","o__Oscillospirales","f__Oscillospiraceae","g__Lawsonibacter","s__Lawsonibacter sp900066825"
"4394fda56b50d1489232c12ee107b649e2fc0b8f",0.137524458571429,"4394fda56b50d1489232c12ee107b649e2fc0b8f","d__Bacteria","p__Firmicutes_A","c__Clostridia","o__Lachnospirales","f__Lachnospiraceae","g__GCA-900066135","s__GCA-900066135 sp900066135"
"43f2f063cb2edbd604264e0eabe3a364269c3a9d",-0.3231175522,"43f2f063cb2edbd604264e0eabe3a364269c3a9d","d__Bacteria","p__Firmicutes_A","c__Clostridia","o__Oscillospirales","f__Ruminococcaceae","g__Angelakisella","s__Angelakisella massiliensis"
"449fd5fa2821b214383355589d381741c57cc0c7",0.103701162428571,"449fd5fa2821b214383355589d381741c57cc0c7","d__Bacteria","p__Firmicutes_A","c__Clostridia","o__Oscillospirales","f__Acutalibacteraceae","g__Acutalibacter","unidentified"
"4562989b2be1a47d23a80a7b088dbf033a7c4c11",0.585234399333333,"4562989b2be1a47d23a80a7b088dbf033a7c4c11","d__Bacteria","p__Firmicutes_A","c__Clostridia","o__Oscillospirales","f__Acutalibacteraceae","g__Ruminococcus_E","unidentified"
"468699a5c64552538015fc49f70c7875f16ef092",-0.240282880333333,"468699a5c64552538015fc49f70c7875f16ef092","d__Bacteria","p__Firmicutes_A","c__Clostridia","o__Lachnospirales","f__Lachnospiraceae","g__Dorea","unidentified"
"46cf3ed118b0487ab93ed1a8ed8e34ab5396553f",0.0714053506666667,"46cf3ed118b0487ab93ed1a8ed8e34ab5396553f","d__Bacteria","p__Bacteroidota","c__Bacteroidia","o__Bacteroidales","f__Bacteroidaceae","g__Bacteroides","unidentified"
"47178821b2360aa05087a18fd4fa8a01536260d3",-0.079115383,"47178821b2360aa05087a18fd4fa8a01536260d3","d__Bacteria","p__Firmicutes_A","c__Clostridia","o__Lachnospirales","f__Lachnospiraceae","g__Enterocloster","unidentified"
"472f14689cf6b1d15b188923eb8ed0e5067d3b76",-0.67168972175,"472f14689cf6b1d15b188923eb8ed0e5067d3b76","d__Bacteria","p__Firmicutes_A","c__Clostridia","o__Lachnospirales","f__Lachnospiraceae","g__Mediterraneibacter","s__Mediterraneibacter faecis"
"48b5092f65693df2506e092c3a716fef4166f308",-0.608752673666667,"48b5092f65693df2506e092c3a716fef4166f308","d__Bacteria","p__Firmicutes_A","c__Clostridia","o__Oscillospirales","f__Oscillospiraceae","unidentified","unidentified"
"495172c5e4931d33efc6671e828eeb55ddb81ceb",-0.225604536,"495172c5e4931d33efc6671e828eeb55ddb81ceb","d__Bacteria","p__Bacteroidota","c__Bacteroidia","o__Bacteroidales","f__Bacteroidaceae","g__Bacteroides","unidentified"
"4a4ed7aa92a7b36fa67b76897ed79407fb967f40",0.00653513114285714,"4a4ed7aa92a7b36fa67b76897ed79407fb967f40","d__Bacteria","p__Firmicutes_A","c__Clostridia","o__Lachnospirales","f__Lachnospiraceae","unidentified","unidentified"
"4a7f09c6bc868610e2e72d6fef28d1ef34b3bb8e",-0.16321959175,"4a7f09c6bc868610e2e72d6fef28d1ef34b3bb8e","d__Bacteria","p__Firmicutes_A","c__Clostridia","o__Oscillospirales","f__Ruminococcaceae","g__Ruminococcus_D","s__Ruminococcus_D bicirculans"
"4b772c37b5ba290b4c4fe27759f0577057277c01",-0.09985174425,"4b772c37b5ba290b4c4fe27759f0577057277c01","d__Bacteria","p__Firmicutes_A","c__Clostridia","o__Lachnospirales","f__Lachnospiraceae","g__Eisenbergiella","s__Eisenbergiella sp900066775"
"4c2800b29f41e534f2d5aa12548cf5db6de82e65",-0.16055542875,"4c2800b29f41e534f2d5aa12548cf5db6de82e65","d__Bacteria","p__Firmicutes_A","c__Clostridia","o__Oscillospirales","f__Ruminococcaceae","g__Ruminiclostridium_E","s__Ruminiclostridium_E siraeum"
"4f84983310ab5e78c52c886d87aaa3c6f454a0ec",-0.166199094333333,"4f84983310ab5e78c52c886d87aaa3c6f454a0ec","d__Bacteria","p__Firmicutes_A","c__Clostridia","o__Peptostreptococcales","f__Anaerovoracaceae","g__CAG-238","s__CAG-238 sp900542245"
"50f645b0e0bfce9253e20467d72f853b702bb033",-0.247993764833333,"50f645b0e0bfce9253e20467d72f853b702bb033","d__Bacteria","p__Firmicutes_A","c__Clostridia","o__Oscillospirales","f__Oscillospiraceae","g__Sporobacter","s__Sporobacter termitidis"
"5167c729ec1dc8446a800b6293043ce5db4a8d8b",0.02395384,"5167c729ec1dc8446a800b6293043ce5db4a8d8b","d__Bacteria","p__Firmicutes_A","c__Clostridia","o__Lachnospirales","f__Lachnospiraceae","g__Roseburia","unidentified"
"5306dd9efe1839e6fc783e22358007b036aca265",-0.040608003625,"5306dd9efe1839e6fc783e22358007b036aca265","d__Bacteria","p__Firmicutes_A","c__Clostridia","o__Oscillospirales","f__Acutalibacteraceae","g__UMGS1071","s__UMGS1071 sp900548305"
"548349490691e1bb24a0ee0d5c0b4c0fbd1abe95",-0.226918265625,"548349490691e1bb24a0ee0d5c0b4c0fbd1abe95","d__Bacteria","p__Firmicutes_A","c__Clostridia","o__Oscillospirales","f__Butyricicoccaceae","g__Agathobaculum","s__Agathobaculum butyriciproducens"
"57d9eb561f4af8cf48538f66d2c2dccfb93400d6",0.605640193375,"57d9eb561f4af8cf48538f66d2c2dccfb93400d6","d__Bacteria","p__Firmicutes_A","c__Clostridia","o__Oscillospirales","f__Ruminococcaceae","g__Faecalibacterium","unidentified"
"58425fb404b95541819780e4435628296c088e2e",-0.34667921325,"58425fb404b95541819780e4435628296c088e2e","d__Bacteria","p__Firmicutes_A","c__Clostridia","o__Oscillospirales","f__Oscillospiraceae","g__Oscillibacter","unidentified"
"5a7519b74e34ac79f03f479669aa9a9dce355db1",-0.0959421952857143,"5a7519b74e34ac79f03f479669aa9a9dce355db1","d__Bacteria","p__Firmicutes_A","c__Clostridia","o__Oscillospirales","f__Oscillospiraceae","g__Lawsonibacter","s__Lawsonibacter asaccharolyticus"
"5a7e8467339131e6ae6274288151c734105932a6",0.548558223875,"5a7e8467339131e6ae6274288151c734105932a6","d__Bacteria","p__Firmicutes_A","c__Clostridia","o__Oscillospirales","f__Ruminococcaceae","g__Faecalibacterium","s__Faecalibacterium prausnitzii_I"
"5aaf41c06c3b2d3a2488644f11ed18d03ba6aa30",-0.333950998,"5aaf41c06c3b2d3a2488644f11ed18d03ba6aa30","d__Bacteria","p__Firmicutes_A","c__Clostridia","o__Oscillospirales","f__Oscillospiraceae","g__Evtepia","s__Evtepia gabavorous"
"5ad2b522cd7ee303c1d3632bd138a9193537eaf6",-0.249125766,"5ad2b522cd7ee303c1d3632bd138a9193537eaf6","d__Bacteria","p__Firmicutes_A","c__Clostridia","o__Peptostreptococcales","f__Anaerovoracaceae","g__UBA1191","s__UBA1191 sp900066305"
"5b0b727a8cbf23997acbf2f9e32ff29a57f2d3cf",0.311683897,"5b0b727a8cbf23997acbf2f9e32ff29a57f2d3cf","d__Bacteria","p__Proteobacteria","c__Gammaproteobacteria","o__Burkholderiales","f__Burkholderiaceae","g__Parasutterella","unidentified"
"5b22edf713a4fa861e06b91d4d371e377301b1ca",-0.083993398,"5b22edf713a4fa861e06b91d4d371e377301b1ca","d__Bacteria","p__Bacteroidota","c__Bacteroidia","o__Bacteroidales","f__Tannerellaceae","g__Parabacteroides","unidentified"
"5c084ab75457f799a245f66ab04fe00a1a4938c9",-0.0492152823333333,"5c084ab75457f799a245f66ab04fe00a1a4938c9","d__Bacteria","p__Firmicutes_A","c__Clostridia","o__Oscillospirales","f__Oscillospiraceae","unidentified","unidentified"
"5d4b092976cce043692a1155c61a929b236bc522",0.0397106706666667,"5d4b092976cce043692a1155c61a929b236bc522","d__Bacteria","p__Firmicutes_A","c__Clostridia","o__Lachnospirales","f__Lachnospiraceae","unidentified","unidentified"
"5d62ca4aa17aaf77474dbecf34d97b7da8bb46ce",0.508849954,"5d62ca4aa17aaf77474dbecf34d97b7da8bb46ce","d__Bacteria","p__Firmicutes_A","c__Clostridia","o__Oscillospirales","f__Ruminococcaceae","g__Faecalibacterium","unidentified"
"60406af31c00e1e9f694d85d67b49f9a1d6ff0ff",0.230964165666667,"60406af31c00e1e9f694d85d67b49f9a1d6ff0ff","d__Bacteria","p__Bacteroidota","c__Bacteroidia","o__Bacteroidales","f__Bacteroidaceae","g__Bacteroides","s__Bacteroides caccae"
"60bd03befc919c5e45cdf601db061ab934660777",-0.09164486375,"60bd03befc919c5e45cdf601db061ab934660777","d__Bacteria","p__Bacteroidota","c__Bacteroidia","o__Bacteroidales","unidentified","unidentified","unidentified"
"628ae0d85fbaaaffd84e19d5b4ca6e42b317785d",0.3476405045,"628ae0d85fbaaaffd84e19d5b4ca6e42b317785d","d__Bacteria","p__Firmicutes_A","c__Clostridia","o__Oscillospirales","f__Acutalibacteraceae","g__Acutalibacter","s__Acutalibacter timonensis"
"63d8b1809f53f1956be63248ba3f83c6520cad33",-0.760528761333333,"63d8b1809f53f1956be63248ba3f83c6520cad33","d__Bacteria","p__Firmicutes_A","c__Clostridia","o__Oscillospirales","f__Ruminococcaceae","g__Ruminiclostridium_E","s__Ruminiclostridium_E siraeum"
"656571d8a125f674776c377fbb56c2cf8c1d26fc",0.118220773,"656571d8a125f674776c377fbb56c2cf8c1d26fc","d__Bacteria","p__Actinobacteriota","c__Coriobacteriia","o__Coriobacteriales","unidentified","unidentified","unidentified"
"6566a655fc60fa9e93493605a47ce50ef88571ce",0.03370297725,"6566a655fc60fa9e93493605a47ce50ef88571ce","d__Bacteria","p__Desulfobacterota","c__Desulfovibrionia","o__Desulfovibrionales","f__Desulfovibrionaceae","g__Bilophila","s__Bilophila wadsworthia"
"65f657296bafadbae9c249072a8adeb8ae550de8",-0.1598726242,"65f657296bafadbae9c249072a8adeb8ae550de8","d__Bacteria","p__Bacteroidota","c__Bacteroidia","o__Bacteroidales","f__Bacteroidaceae","g__Bacteroides","unidentified"
"66d2c3a50114463c5d0d560f35dd9be44be63562",-0.1188373816,"66d2c3a50114463c5d0d560f35dd9be44be63562","d__Bacteria","p__Firmicutes_A","c__Clostridia","o__Oscillospirales","f__Oscillospiraceae","g__CAG-83","s__CAG-83 sp900545585"
"671422b28fa5da38bdd1506979fcf36ab59c7db5",0.247479111166667,"671422b28fa5da38bdd1506979fcf36ab59c7db5","d__Bacteria","p__Firmicutes_A","c__Clostridia","o__Oscillospirales","f__Oscillospiraceae","unidentified","unidentified"
"679bf6dedac5317b78b16ef2060c2a0a9d19613b",1.20212487125,"679bf6dedac5317b78b16ef2060c2a0a9d19613b","d__Bacteria","p__Actinobacteriota","c__Actinomycetia","o__Actinomycetales","f__Bifidobacteriaceae","g__Bifidobacterium","unidentified"
"681578b1c71ad4beb2b3a41bfca736d912e7c855",0.03274385675,"681578b1c71ad4beb2b3a41bfca736d912e7c855","d__Bacteria","p__Firmicutes_A","c__Clostridia","o__Lachnospirales","f__Lachnospiraceae","g__UBA9502","unidentified"
"6869a3eb95a7a0112c161888c112c45d844550b9",0.22573931275,"6869a3eb95a7a0112c161888c112c45d844550b9","d__Bacteria","p__Firmicutes_A","c__Clostridia","o__Lachnospirales","f__Lachnospiraceae","g__Lachnospira","s__Lachnospira rogosae"
"69c62d2b267499a312785ee15d9f8c8016b54b59",-0.457904347,"69c62d2b267499a312785ee15d9f8c8016b54b59","d__Bacteria","p__Firmicutes_A","c__Clostridia","o__Lachnospirales","f__Lachnospiraceae","g__Acetatifactor","s__Acetatifactor sp900066365"
"6a9db5e3fc81c93cd1a5007a7c5e27e89a8726bd",0.036134855,"6a9db5e3fc81c93cd1a5007a7c5e27e89a8726bd","d__Bacteria","p__Bacteroidota","c__Bacteroidia","o__Bacteroidales","f__Bacteroidaceae","g__Bacteroides","unidentified"
"6bbd9bd068a62b472db5b00f5584dd3c92732802",-0.304608266333333,"6bbd9bd068a62b472db5b00f5584dd3c92732802","d__Bacteria","p__Firmicutes_A","c__Clostridia","o__Lachnospirales","f__Lachnospiraceae","g__Mediterraneibacter","s__Mediterraneibacter faecis"
"6beec96d54649c95462dfba6208c2d8f7bb1c71d",-0.382013034,"6beec96d54649c95462dfba6208c2d8f7bb1c71d","d__Bacteria","p__Firmicutes_A","c__Clostridia","o__Lachnospirales","f__Lachnospiraceae","g__Eubacterium_F","s__Eubacterium_F sp003491505"
"6c1158a204e1d96660f335501335d5169486ab2f",-1.486436356,"6c1158a204e1d96660f335501335d5169486ab2f","d__Bacteria","p__Firmicutes_A","c__Clostridia","o__TANB77","f__CAG-508","g__CAG-354","s__CAG-354 sp900552655"
"6c2d667e80d19b83f3777c96d2f00afe1b011393",-0.00273613112500001,"6c2d667e80d19b83f3777c96d2f00afe1b011393","d__Bacteria","p__Firmicutes_A","c__Clostridia","o__Lachnospirales","f__Lachnospiraceae","g__Lachnospira","unidentified"
"6c5323bf619d803a3f6b4bd3456d1ef2c7d67cf8",-0.103974006875,"6c5323bf619d803a3f6b4bd3456d1ef2c7d67cf8","d__Bacteria","p__Bacteroidota","c__Bacteroidia","o__Bacteroidales","unidentified","unidentified","unidentified"
"6d0489afe9e2cee7f571ed67db66c8cde14fd851",-0.430526911333333,"6d0489afe9e2cee7f571ed67db66c8cde14fd851","d__Bacteria","p__Firmicutes_A","c__Clostridia","o__Oscillospirales","f__Oscillospiraceae","g__CAG-83","s__CAG-83 sp900545585"
"6d6ecce432d3314e995e4e3057ea322a6db2a862",-0.411341799666667,"6d6ecce432d3314e995e4e3057ea322a6db2a862","d__Bacteria","p__Firmicutes_A","c__Clostridia","o__Lachnospirales","f__Lachnospiraceae","g__Blautia_A","s__Blautia_A sp900066165"
"6ebaaa0de2583d3e5a9807d3e9303c3f39faa3e7",0.306594696333333,"6ebaaa0de2583d3e5a9807d3e9303c3f39faa3e7","d__Bacteria","p__Firmicutes_A","c__Clostridia","o__Lachnospirales","f__Lachnospiraceae","g__Roseburia","unidentified"
"71135c71f7d9adfaa01e86e080dbda10e0bc5c09",0.574337814333333,"71135c71f7d9adfaa01e86e080dbda10e0bc5c09","d__Bacteria","p__Firmicutes_A","c__Clostridia","o__Lachnospirales","f__Lachnospiraceae","g__Agathobacter","s__Agathobacter rectalis"
"71140dd01d5964889d360c7a2b5b43df574e40f2",-0.00623216675,"71140dd01d5964889d360c7a2b5b43df574e40f2","d__Bacteria","p__Bacteroidota","c__Bacteroidia","o__Bacteroidales","f__Bacteroidaceae","g__Bacteroides","unidentified"
"71be59cd3d72d2ba54156d3ebec5f7dd86cd06cb",-0.01266040975,"71be59cd3d72d2ba54156d3ebec5f7dd86cd06cb","d__Bacteria","p__Firmicutes_A","c__Clostridia","o__Oscillospirales","f__Oscillospiraceae","g__Pseudoflavonifractor","s__Pseudoflavonifractor capillosus"
"727134ce01053335945bffa3c0be8f03cb2b425b",-0.260198607666667,"727134ce01053335945bffa3c0be8f03cb2b425b","d__Bacteria","p__Bacteroidota","c__Bacteroidia","o__Bacteroidales","f__Bacteroidaceae","g__Bacteroides","s__Bacteroides uniformis"
"72a591069a0e4e007ffc35390d443a5878a2bcd3",-0.62581753,"72a591069a0e4e007ffc35390d443a5878a2bcd3","d__Bacteria","p__Firmicutes_A","c__Clostridia","o__Lachnospirales","f__Lachnospiraceae","g__Schaedlerella","s__Schaedlerella sp900066545"
"72e4da6f5be9bc2290f87d8e3fd038ccf11da371",0.022073083,"72e4da6f5be9bc2290f87d8e3fd038ccf11da371","d__Bacteria","p__Bacteroidota","c__Bacteroidia","o__Bacteroidales","f__Bacteroidaceae","g__Phocaeicola","s__Phocaeicola vulgatus"
"73c67e201cca0a82775ce377f69ac7d17951bc17",-0.28117796575,"73c67e201cca0a82775ce377f69ac7d17951bc17","d__Bacteria","p__Firmicutes_A","c__Clostridia","o__Lachnospirales","f__Anaerotignaceae","g__Anaerotignum","s__Anaerotignum sp000436415"
"73cd2913776f2591c477a56f56e6ded8ef5fb05f",-0.059585664,"73cd2913776f2591c477a56f56e6ded8ef5fb05f","d__Bacteria","p__Firmicutes_A","c__Clostridia","o__Lachnospirales","f__Lachnospiraceae","g__Roseburia","s__Roseburia hominis"
"76c426c363ab73987f656f0dc3b206965eeeee61",-0.311149750333333,"76c426c363ab73987f656f0dc3b206965eeeee61","d__Bacteria","p__Bacteroidota","c__Bacteroidia","o__Bacteroidales","unidentified","unidentified","unidentified"
"77a043db622126bd251156e182853e9e30fc3bdc",0.172279951,"77a043db622126bd251156e182853e9e30fc3bdc","d__Bacteria","p__Firmicutes_A","c__Clostridia","o__Lachnospirales","f__Lachnospiraceae","g__Blautia_A","unidentified"
"79310580abcd5bac8cf38df4bdcb4ccde745f6ee",-0.4312243635,"79310580abcd5bac8cf38df4bdcb4ccde745f6ee","d__Bacteria","p__Firmicutes","c__Bacilli","o__Lactobacillales","f__Streptococcaceae","g__Streptococcus","unidentified"
"796ef0579c50f1722c5419ccd3b7ac97890a9afc",0.22787934475,"796ef0579c50f1722c5419ccd3b7ac97890a9afc","d__Bacteria","p__Firmicutes_A","c__Clostridia","o__Lachnospirales","f__Anaerotignaceae","unidentified","unidentified"
"7a28d503d7837807b14782292b923bbc85bb9151",-0.396622553,"7a28d503d7837807b14782292b923bbc85bb9151","d__Bacteria","p__Firmicutes_A","c__Clostridia","o__Peptostreptococcales","f__Peptostreptococcaceae","g__Intestinibacter","s__Intestinibacter bartlettii"
"7af307f5655cf98efbfd688d550d293582244b80",-1.2800229434,"7af307f5655cf98efbfd688d550d293582244b80","d__Bacteria","p__Firmicutes_A","c__Clostridia","o__Lachnospirales","f__Lachnospiraceae","unidentified","unidentified"
"7bdc76ee051cc82ff1a33847a5bfbb9c6383c729",0.000422127000000004,"7bdc76ee051cc82ff1a33847a5bfbb9c6383c729","d__Bacteria","p__Bacteroidota","c__Bacteroidia","o__Bacteroidales","f__Bacteroidaceae","g__Phocaeicola","s__Phocaeicola vulgatus"
"7bf82ac115f0bc67a6af6fe53f18677c47e62d08",-0.054539677125,"7bf82ac115f0bc67a6af6fe53f18677c47e62d08","d__Bacteria","p__Firmicutes_A","c__Clostridia","o__Lachnospirales","f__Lachnospiraceae","g__Agathobacter","s__Agathobacter rectalis"
"7cb431bfe9c5019a4c18fb905a5cab9ecf9da8ff",0.160859324666667,"7cb431bfe9c5019a4c18fb905a5cab9ecf9da8ff","d__Bacteria","p__Bacteroidota","c__Bacteroidia","o__Bacteroidales","f__Bacteroidaceae","g__Phocaeicola","unidentified"
"7d1b5f787fbdd43e10472025f8102cc5d58c7718",-0.04680038,"7d1b5f787fbdd43e10472025f8102cc5d58c7718","d__Bacteria","p__Firmicutes_A","c__Clostridia","o__Oscillospirales","f__Oscillospiraceae","g__Intestinimonas","unidentified"
"7de51ee500c68a9da4fd52a4df1133cba2ab0fca",-0.109255331,"7de51ee500c68a9da4fd52a4df1133cba2ab0fca","d__Bacteria","p__Firmicutes_A","c__Clostridia","o__Lachnospirales","f__Lachnospiraceae","g__Roseburia","unidentified"
"7ff95b896e69c63b94586ec5f6443abe023e44b3",-0.3276063386,"7ff95b896e69c63b94586ec5f6443abe023e44b3","d__Bacteria","p__Firmicutes_A","c__Clostridia","o__Oscillospirales","f__Ruminococcaceae","g__Gemmiger","s__Gemmiger qucibialis"
"806a0476cdd0da8b093c0020db80f1bffe823649",0.03645703175,"806a0476cdd0da8b093c0020db80f1bffe823649","d__Bacteria","p__Bacteroidota","c__Bacteroidia","o__Bacteroidales","f__Bacteroidaceae","g__Bacteroides","s__Bacteroides stercoris"
"8323af0cf466af652a5ae38d870aefc5ddf1ccbe",1.20911703033333,"8323af0cf466af652a5ae38d870aefc5ddf1ccbe","d__Bacteria","p__Proteobacteria","c__Gammaproteobacteria","o__Burkholderiales","f__Burkholderiaceae","g__Sutterella","s__Sutterella wadsworthensis"
"856792e700973d7c629ddee2b6c59e88a13fbfe1",-0.00501345,"856792e700973d7c629ddee2b6c59e88a13fbfe1","d__Bacteria","p__Bacteroidota","c__Bacteroidia","o__Bacteroidales","f__Bacteroidaceae","g__Bacteroides","s__Bacteroides caccae"
"88b73e73ba2223c6b3c23f72e11d0e4cd59fd1c9",0.530283745666667,"88b73e73ba2223c6b3c23f72e11d0e4cd59fd1c9","d__Bacteria","p__Firmicutes_A","c__Clostridia","o__Oscillospirales","f__Ruminococcaceae","g__Faecalibacterium","unidentified"
"8ac506d0dbee74ac95d9e184b3707f67e124fe4d",-0.301351492333333,"8ac506d0dbee74ac95d9e184b3707f67e124fe4d","d__Bacteria","p__Firmicutes_A","c__Clostridia","o__Peptostreptococcales","f__Anaerovoracaceae","unidentified","unidentified"
"8add97013db17fcb4994b45891feec593689708d",0.136871929666667,"8add97013db17fcb4994b45891feec593689708d","d__Bacteria","p__Firmicutes_A","c__Clostridia","o__Oscillospirales","f__Acutalibacteraceae","g__Ruminococcus_E","unidentified"
"8cb061cbd139dcb5a87e44b016402cf2b03bd407",0.617874073375,"8cb061cbd139dcb5a87e44b016402cf2b03bd407","d__Bacteria","p__Firmicutes_A","c__Clostridia","o__Lachnospirales","f__Lachnospiraceae","g__CAG-81","unidentified"
"8fb00dbf0e0d7de4b31425c684cb3dc6703851ab",-0.265502729,"8fb00dbf0e0d7de4b31425c684cb3dc6703851ab","d__Bacteria","p__Bacteroidota","c__Bacteroidia","o__Bacteroidales","f__Tannerellaceae","g__Parabacteroides","unidentified"
"8fb54046643a121dff795516c7d75ce3f87a9359",-0.06669809325,"8fb54046643a121dff795516c7d75ce3f87a9359","d__Bacteria","p__Firmicutes_A","c__Clostridia","o__Lachnospirales","f__Lachnospiraceae","g__Coprococcus","s__Coprococcus eutactus_A"
"91798b8dabf1f158325c48b45c8cdbb228ae7ad3",-0.204700759,"91798b8dabf1f158325c48b45c8cdbb228ae7ad3","d__Bacteria","p__Firmicutes_A","c__Clostridia","o__Lachnospirales","f__Lachnospiraceae","g__Bariatricus","s__Bariatricus comes"
"91aa7c66e1bd103bb527bb2c1251c5f68df52689",-0.401417503,"91aa7c66e1bd103bb527bb2c1251c5f68df52689","d__Bacteria","p__Firmicutes_A","c__Clostridia","o__Peptostreptococcales","f__Peptostreptococcaceae","unidentified","unidentified"
"91b64151b606ad83bb5a9abcfc411bd627b71102",0.439321209,"91b64151b606ad83bb5a9abcfc411bd627b71102","d__Bacteria","p__Bacteroidota","c__Bacteroidia","o__Bacteroidales","f__Bacteroidaceae","g__Bacteroides","unidentified"
"921c29e652f197ee4523856074e9392db3efeb2f",0.26830977,"921c29e652f197ee4523856074e9392db3efeb2f","d__Bacteria","p__Bacteroidota","c__Bacteroidia","o__Bacteroidales","f__Bacteroidaceae","g__Bacteroides","unidentified"
"92f1e65c6fbd7f1731b74fc41061f15fbe15ada7",-0.0307434475,"92f1e65c6fbd7f1731b74fc41061f15fbe15ada7","d__Bacteria","p__Firmicutes_A","c__Clostridia","o__Oscillospirales","f__Ruminococcaceae","unidentified","unidentified"
"9448bbc4c9612879c90151602aadf1bdd39c37c8",-0.4733411204,"9448bbc4c9612879c90151602aadf1bdd39c37c8","d__Bacteria","p__Firmicutes_A","c__Clostridia","o__Lachnospirales","f__Lachnospiraceae","g__Blautia_A","s__Blautia_A sp900066505"
"94bfb67507bc083b9e942d5c1c8369f4f3c7e9fd",-0.0106611714,"94bfb67507bc083b9e942d5c1c8369f4f3c7e9fd","d__Bacteria","p__Bacteroidota","c__Bacteroidia","o__Bacteroidales","unidentified","unidentified","unidentified"
"978fad1ec061a29475b8d791a72beaebf4eaab1d",-0.0374497086,"978fad1ec061a29475b8d791a72beaebf4eaab1d","d__Bacteria","p__Verrucomicrobiota","c__Verrucomicrobiae","o__Verrucomicrobiales","f__Akkermansiaceae","g__Akkermansia","s__Akkermansia muciniphila"
"99c72e6fb92b067d5565b4802a327e0fa98b2751",0.0825236992,"99c72e6fb92b067d5565b4802a327e0fa98b2751","d__Bacteria","p__Firmicutes_A","c__Clostridia","o__Oscillospirales","f__Oscillospiraceae","g__Flavonifractor","unidentified"
"9af14b5aad352fb0a49c38edfe2a1e554ad17d6b",0.743179859333333,"9af14b5aad352fb0a49c38edfe2a1e554ad17d6b","d__Bacteria","p__Firmicutes_A","c__Clostridia","o__Lachnospirales","f__Lachnospiraceae","g__Anaerostipes","unidentified"
"9b0ebc5d47061e949e30a76797d99cfbf2142221",-0.1253061008,"9b0ebc5d47061e949e30a76797d99cfbf2142221","d__Bacteria","p__Bacteroidota","c__Bacteroidia","o__Bacteroidales","f__Rikenellaceae","g__Alistipes","s__Alistipes finegoldii"
"9c31591bb0d899dabfe75eed0297d60c03264142",0.32901778825,"9c31591bb0d899dabfe75eed0297d60c03264142","d__Bacteria","p__Firmicutes_C","c__Negativicutes","o__Veillonellales","f__Dialisteraceae","g__Dialister","s__Dialister invisus"
"9c31dfa6f7c8e4640de67e176938ae2473778bb8",0.433169885833333,"9c31dfa6f7c8e4640de67e176938ae2473778bb8","d__Bacteria","p__Firmicutes_A","c__Clostridia","o__Oscillospirales","f__Ruminococcaceae","g__Faecalibacterium","unidentified"
"9d2905a62186f9683fc0d395582eb40e6d8d9ef8",-0.567514594285714,"9d2905a62186f9683fc0d395582eb40e6d8d9ef8","d__Bacteria","p__Firmicutes_A","c__Clostridia","o__Lachnospirales","f__Lachnospiraceae","g__UMGS1375","s__UMGS1375 sp900066615"
"9ed1d246a1d504a6654f3fb03b5cb9a45fd2fbc9",-0.38077544025,"9ed1d246a1d504a6654f3fb03b5cb9a45fd2fbc9","d__Bacteria","p__Firmicutes_A","c__Clostridia","o__Oscillospirales","f__Oscillospiraceae","g__CAG-83","s__CAG-83 sp900545585"
"9f2814d1a5f12c8ad70ee55a92c7ef759be7b6f4",-0.224197071333333,"9f2814d1a5f12c8ad70ee55a92c7ef759be7b6f4","d__Bacteria","p__Firmicutes_A","c__Clostridia","o__Lachnospirales","f__Lachnospiraceae","g__Agathobacter","s__Agathobacter rectalis"
"9ff47bb3354cc4fcf0f978923143b5f65f460047",0.638752945,"9ff47bb3354cc4fcf0f978923143b5f65f460047","d__Bacteria","p__Firmicutes_A","c__Clostridia","o__Oscillospirales","f__Ruminococcaceae","g__Faecalibacterium","unidentified"
"a02399dd0c40daa7039f8a014022e1129a33a24c",0.243594301375,"a02399dd0c40daa7039f8a014022e1129a33a24c","d__Bacteria","p__Firmicutes_A","c__Clostridia","o__Lachnospirales","f__Lachnospiraceae","g__Enterocloster","s__Enterocloster sp000431375"
"a08d311023035e3f90bb42387c44a6f61159b3bc",0.223674303,"a08d311023035e3f90bb42387c44a6f61159b3bc","d__Bacteria","p__Firmicutes_A","c__Clostridia","o__Lachnospirales","f__Lachnospiraceae","g__GCA-900066575","s__GCA-900066575 sp900066385"
"a11b96a20ad9e1a5360be48e11d57aec1590c38c",-0.0367128562,"a11b96a20ad9e1a5360be48e11d57aec1590c38c","d__Bacteria","p__Firmicutes_A","c__Clostridia","o__Oscillospirales","f__Acutalibacteraceae","g__Anaeromassilibacillus","s__Anaeromassilibacillus sp002159845"
"a17359057e9470077839413e10686bd37a200de5",-0.307140363,"a17359057e9470077839413e10686bd37a200de5","d__Bacteria","p__Firmicutes_A","c__Clostridia","o__Lachnospirales","f__Lachnospiraceae","g__Blautia_A","unidentified"
"a31583e3206de6c44d641cc4c4bf2837848369f7",-0.15263285125,"a31583e3206de6c44d641cc4c4bf2837848369f7","d__Bacteria","p__Bacteroidota","c__Bacteroidia","o__Bacteroidales","f__Bacteroidaceae","g__Bacteroides","unidentified"
"a3bf83a9f89f34d1cbd448a354b2b981a40ba350",0.167712291333333,"a3bf83a9f89f34d1cbd448a354b2b981a40ba350","d__Bacteria","p__Firmicutes_A","c__Clostridia","o__Lachnospirales","f__Lachnospiraceae","g__Roseburia","unidentified"
"a3d643b3e846a69e7bc53ecd165e07dae0c7393e",0.474621898333333,"a3d643b3e846a69e7bc53ecd165e07dae0c7393e","d__Bacteria","p__Firmicutes_A","c__Clostridia","o__Lachnospirales","f__Lachnospiraceae","g__Fusicatenibacter","s__Fusicatenibacter saccharivorans"
"a42e523d461e0edcbeec68fef218846145754596",-0.596885366,"a42e523d461e0edcbeec68fef218846145754596","d__Bacteria","p__Firmicutes_A","c__Clostridia","o__Lachnospirales","f__Lachnospiraceae","g__Eubacterium_I","s__Eubacterium_I ramulus"
"a51471fd8fe3d4fc8f79035aa39051204b8b6919",0.257239561857143,"a51471fd8fe3d4fc8f79035aa39051204b8b6919","d__Bacteria","p__Firmicutes_A","c__Clostridia","o__Lachnospirales","f__Lachnospiraceae","g__UBA7182","s__UBA7182 sp003481535"
"a65646c524133bc43e4b27e8e15fab8aa80c506a",0.737568995,"a65646c524133bc43e4b27e8e15fab8aa80c506a","d__Bacteria","p__Firmicutes_A","c__Clostridia","o__Oscillospirales","f__Ruminococcaceae","g__Faecalibacterium","unidentified"
"a6837280a6c2d1f126560d1ec08012829a382101",0.148144914166667,"a6837280a6c2d1f126560d1ec08012829a382101","d__Bacteria","p__Firmicutes_A","c__Clostridia","o__Lachnospirales","f__Lachnospiraceae","unidentified","unidentified"
"a6c3d208aea10c2626a43e6e70a5941c18a54812",-0.1223798662,"a6c3d208aea10c2626a43e6e70a5941c18a54812","d__Bacteria","p__Bacteroidota","c__Bacteroidia","o__Bacteroidales","f__Marinifilaceae","g__Butyricimonas","unidentified"
"a92fc23748ab411a3df5d847e72c1b39b96e011c",0.388417763142857,"a92fc23748ab411a3df5d847e72c1b39b96e011c","d__Bacteria","p__Firmicutes_A","c__Clostridia","o__Oscillospirales","f__Ruminococcaceae","g__Faecalibacterium","unidentified"
"ab693a3089e4c8815e7c0c0ca9273ccd5e124d62",-0.086407779,"ab693a3089e4c8815e7c0c0ca9273ccd5e124d62","d__Bacteria","p__Firmicutes_A","c__Clostridia","o__Oscillospirales","f__Acutalibacteraceae","g__Eubacterium_R","unidentified"
"ae70e2aeee2bb4a0d716662e431a543986b0f27c",0.156496310333333,"ae70e2aeee2bb4a0d716662e431a543986b0f27c","d__Bacteria","p__Firmicutes_A","c__Clostridia","o__Oscillospirales","f__Ruminococcaceae","unidentified","unidentified"
"afb6a754e68c4f32662fcf9355c78bf3292c9ae5",-0.393567574142857,"afb6a754e68c4f32662fcf9355c78bf3292c9ae5","d__Bacteria","p__Firmicutes_A","c__Clostridia","o__Lachnospirales","f__Lachnospiraceae","g__Blautia_A","unidentified"
"b0a7b618138b08258a46347956ebba150b8545fa",-0.20939144925,"b0a7b618138b08258a46347956ebba150b8545fa","d__Bacteria","p__Firmicutes_A","c__Clostridia","o__Oscillospirales","f__Ruminococcaceae","g__Ruthenibacterium","s__Ruthenibacterium lactatiformans"
"b29981efa33acb2f764a0ece8ed2f85ae22a7925",-0.17084598,"b29981efa33acb2f764a0ece8ed2f85ae22a7925","d__Bacteria","p__Bacteroidota","c__Bacteroidia","o__Bacteroidales","f__Bacteroidaceae","g__Phocaeicola","s__Phocaeicola vulgatus"
"b2fb2dc24b01aeaeedbfea99a32b7663d4ee5878",-0.713587558833333,"b2fb2dc24b01aeaeedbfea99a32b7663d4ee5878","d__Bacteria","p__Firmicutes_C","c__Negativicutes","o__Acidaminococcales","f__Acidaminococcaceae","g__Phascolarctobacterium","s__Phascolarctobacterium faecium"
"b37f7d9bc0c8bcb4748fea97670f5524f77d1623",-0.0190986956666667,"b37f7d9bc0c8bcb4748fea97670f5524f77d1623","d__Bacteria","p__Bacteroidota","c__Bacteroidia","o__Bacteroidales","f__Bacteroidaceae","g__Phocaeicola","s__Phocaeicola vulgatus"
"b495ae88bd7ac5b904e5ffca104c3620d1831f83",0.05570903,"b495ae88bd7ac5b904e5ffca104c3620d1831f83","d__Bacteria","p__Firmicutes_A","c__Clostridia","o__Lachnospirales","f__Lachnospiraceae","g__Anaerostipes","unidentified"
"b4d4d0b17bebd929bb575acd4ca05f9f230a2ade",0.2468454776,"b4d4d0b17bebd929bb575acd4ca05f9f230a2ade","d__Bacteria","p__Firmicutes_A","c__Clostridia","o__Oscillospirales","f__Ruminococcaceae","g__Faecalibacterium","unidentified"
"b7d628ff322d0f72e9fa7807abcc908c2a7c506e",-0.203139555875,"b7d628ff322d0f72e9fa7807abcc908c2a7c506e","d__Bacteria","p__Firmicutes_A","c__Clostridia","o__Lachnospirales","f__Lachnospiraceae","g__Eubacterium_G","unidentified"
"b8d34c828fd671a484cf168d70647ca6f3854971",-0.3134949275,"b8d34c828fd671a484cf168d70647ca6f3854971","d__Bacteria","p__Firmicutes_A","c__Clostridia","o__Lachnospirales","f__Lachnospiraceae","g__TF01-11","s__TF01-11 sp003529475"
"ba3e69948b3ddf94a0dc5e96e07b78dded7f233d",0.0352085058,"ba3e69948b3ddf94a0dc5e96e07b78dded7f233d","d__Bacteria","p__Bacteroidota","c__Bacteroidia","o__Bacteroidales","f__Bacteroidaceae","g__Prevotella","s__Prevotella copri"
"ba791dfc8dca669c03e527fd706ee0125da42517",0.337224499,"ba791dfc8dca669c03e527fd706ee0125da42517","d__Bacteria","p__Firmicutes_A","c__Clostridia","o__Lachnospirales","f__Lachnospiraceae","g__Anaerostipes","unidentified"
"bb075dfae405e92f0021a0f7cbc2896bfd2f8f6f",0.738548389333333,"bb075dfae405e92f0021a0f7cbc2896bfd2f8f6f","d__Bacteria","p__Firmicutes_A","c__Clostridia","o__Lachnospirales","f__Lachnospiraceae","g__Fusicatenibacter","s__Fusicatenibacter saccharivorans"
"bb1793f7912a8d2d125805b91decc73bfbeea560",-0.257025370857143,"bb1793f7912a8d2d125805b91decc73bfbeea560","d__Bacteria","p__Firmicutes_A","c__Clostridia","o__Lachnospirales","f__Lachnospiraceae","g__Dorea","s__Dorea formicigenerans"
"bc5ac8043efcb1953b812f4bb8611b048705821f",-1.05189014433333,"bc5ac8043efcb1953b812f4bb8611b048705821f","d__Bacteria","p__Firmicutes_A","c__Clostridia","o__Lachnospirales","f__Lachnospiraceae","unidentified","unidentified"
"bf88d5ca54d011cefc78a0790f97b45fafeff6be",0.26589622925,"bf88d5ca54d011cefc78a0790f97b45fafeff6be","d__Bacteria","p__Firmicutes_A","c__Clostridia","o__Oscillospirales","f__Ruminococcaceae","g__Faecalibacterium","s__Faecalibacterium prausnitzii_G"
"bff7567f7d6358cc9c05f3c740c4f769d4c86c03",-0.236637590666667,"bff7567f7d6358cc9c05f3c740c4f769d4c86c03","d__Bacteria","p__Firmicutes_A","c__Clostridia","o__Lachnospirales","f__Lachnospiraceae","g__Enterocloster","s__Enterocloster asparagiformis"
"c0d465eb68a0c18b5b98196e08ab5eb830402d2d",-0.0153343928,"c0d465eb68a0c18b5b98196e08ab5eb830402d2d","d__Bacteria","p__Firmicutes_A","c__Clostridia","o__Lachnospirales","f__Lachnospiraceae","unidentified","unidentified"
"c1b52e859fa79c62da03cda54b69fde1228cb74e",0.0805742773333333,"c1b52e859fa79c62da03cda54b69fde1228cb74e","d__Bacteria","p__Firmicutes_A","c__Clostridia","o__Oscillospirales","f__Ruminococcaceae","g__Faecalibacterium","s__Faecalibacterium prausnitzii_I"
"c34ebe0f55b9acc606940df6578ae08bc7efb2e9",-0.455883524285714,"c34ebe0f55b9acc606940df6578ae08bc7efb2e9","d__Bacteria","p__Firmicutes_A","c__Clostridia","o__Oscillospirales","f__Oscillospiraceae","g__ER4","s__ER4 sp000765235"
"c38ab58d93aedd28cc31b6dd3111a10d3e90771a",-0.210836291428571,"c38ab58d93aedd28cc31b6dd3111a10d3e90771a","d__Bacteria","p__Bacteroidota","c__Bacteroidia","o__Bacteroidales","f__Marinifilaceae","g__Odoribacter","s__Odoribacter splanchnicus"
"c45579a754948828cbb2d3bc947d73151c7c3abf",-0.187638315714286,"c45579a754948828cbb2d3bc947d73151c7c3abf","d__Bacteria","p__Firmicutes_A","c__Clostridia","o__Oscillospirales","unidentified","unidentified","unidentified"
"c4d58d8887b785b891ed9b37f0ea43d76c1398ca",-0.0889196606666667,"c4d58d8887b785b891ed9b37f0ea43d76c1398ca","d__Bacteria","p__Firmicutes_A","c__Clostridia","o__Lachnospirales","f__Lachnospiraceae","g__Agathobacter","s__Agathobacter rectalis"
"c51dadc28964ac2c968dd9342c19d37204a83e9c",0.263414958,"c51dadc28964ac2c968dd9342c19d37204a83e9c","d__Bacteria","p__Firmicutes_A","c__Clostridia","o__Lachnospirales","f__Anaerotignaceae","g__Anaerotignum","unidentified"
"c5829ced43715188e1d770caff6c69a7b857423b",0.1492642858,"c5829ced43715188e1d770caff6c69a7b857423b","d__Bacteria","p__Firmicutes_A","c__Clostridia","o__Lachnospirales","f__Lachnospiraceae","g__Enterocloster","s__Enterocloster sp000431375"
"c5c6e1d304afb6af0e6183e8aaa2a705e48b24c8",0.147594794833333,"c5c6e1d304afb6af0e6183e8aaa2a705e48b24c8","d__Bacteria","p__Firmicutes_A","c__Clostridia","o__Oscillospirales","f__Oscillospiraceae","g__ER4","s__ER4 sp000765235"
"c87129aecc5fea9ffe436ce737010f2d9a6dc16a",1.47741858333333,"c87129aecc5fea9ffe436ce737010f2d9a6dc16a","d__Bacteria","p__Actinobacteriota","c__Actinomycetia","o__Actinomycetales","f__Bifidobacteriaceae","g__Bifidobacterium","unidentified"
"c9d6a8a871f295bb3f5b605ce14c7995fac20797",0.543029285,"c9d6a8a871f295bb3f5b605ce14c7995fac20797","d__Bacteria","p__Firmicutes_A","c__Clostridia","o__Oscillospirales","f__Ruminococcaceae","g__Faecalibacterium","unidentified"
"ca3e3c4f5a44f620029878f221a7467c8c5974a5",-0.5049522005,"ca3e3c4f5a44f620029878f221a7467c8c5974a5","d__Bacteria","p__Firmicutes_A","c__Clostridia","o__Oscillospirales","f__Acutalibacteraceae","g__Ruminococcus_E","unidentified"
"cb81967b67e9d8e270309a1e0464d22844e196d3",0.287742069166667,"cb81967b67e9d8e270309a1e0464d22844e196d3","d__Bacteria","p__Firmicutes_A","c__Clostridia","o__Oscillospirales","f__Ruminococcaceae","g__Faecalibacterium","unidentified"
"cc319f30fdddb66b9759d811399db5fd2425c8f5",-0.012295861,"cc319f30fdddb66b9759d811399db5fd2425c8f5","d__Bacteria","p__Bacteroidota","c__Bacteroidia","o__Bacteroidales","f__Bacteroidaceae","g__Bacteroides","s__Bacteroides stercoris"
"ccf82e906ff88d465e81e4a02a84859176f3293c",0.14982881775,"ccf82e906ff88d465e81e4a02a84859176f3293c","d__Bacteria","p__Firmicutes_A","c__Clostridia","o__Lachnospirales","f__Lachnospiraceae","g__TF01-11","s__TF01-11 sp001414325"
"cd97829047759d65aca47f1da1ff08750290eca8",-0.078736088625,"cd97829047759d65aca47f1da1ff08750290eca8","d__Bacteria","p__Firmicutes_A","c__Clostridia","o__Lachnospirales","f__Lachnospiraceae","g__Clostridium_Q","s__Clostridium_Q sp003024715"
"ce00cbb497d3ccb366a313765a0e57eeb56dedcf",-0.684199963125,"ce00cbb497d3ccb366a313765a0e57eeb56dedcf","d__Bacteria","p__Firmicutes_A","c__Clostridia","o__Lachnospirales","f__Lachnospiraceae","g__Blautia_A","s__Blautia_A sp900066165"
"ce71ce53fd98e408e6a91533210260d5cbe39f05",-1.11989686,"ce71ce53fd98e408e6a91533210260d5cbe39f05","d__Bacteria","p__Firmicutes_A","c__Clostridia","o__Oscillospirales","f__Ruminococcaceae","g__Negativibacillus","s__Negativibacillus massiliensis"
"cf0ddfd516943a85ecf0097b5794cf09071e7764",-0.281363845666667,"cf0ddfd516943a85ecf0097b5794cf09071e7764","d__Bacteria","p__Firmicutes","c__Bacilli","o__Lactobacillales","f__Streptococcaceae","g__Streptococcus","unidentified"
"cf14a9e873ab926b813d08637c2bf5cbbe23c464",-0.0549341966666667,"cf14a9e873ab926b813d08637c2bf5cbbe23c464","d__Bacteria","p__Actinobacteriota","c__Coriobacteriia","o__Coriobacteriales","unidentified","unidentified","unidentified"
"cfc80063afd8df82ff7ebd4df57e3dc35bb0cfd8",-0.1006759708,"cfc80063afd8df82ff7ebd4df57e3dc35bb0cfd8","d__Bacteria","p__Firmicutes_A","unidentified","unidentified","unidentified","unidentified","unidentified"
"d15c871f7c0c5980056e4fcf90f8f253d7e620b5",0.483459612333333,"d15c871f7c0c5980056e4fcf90f8f253d7e620b5","d__Bacteria","p__Firmicutes_A","c__Clostridia","o__Oscillospirales","f__Oscillospiraceae","g__CAG-110","s__CAG-110 sp900315595"
"d2014fed5893c9932ee5adbb6338d19ffba9d929",-0.71481384375,"d2014fed5893c9932ee5adbb6338d19ffba9d929","d__Bacteria","p__Firmicutes_A","c__Clostridia","o__Lachnospirales","f__Lachnospiraceae","g__Blautia_A","unidentified"
"d22a6b497ae5d3ff4f52d1414171169a32fbec49",-0.3110906795,"d22a6b497ae5d3ff4f52d1414171169a32fbec49","d__Bacteria","p__Bacteroidota","c__Bacteroidia","o__Bacteroidales","f__Bacteroidaceae","g__Bacteroides","s__Bacteroides eggerthii"
"d28565e03340925758c915d26aaa3cb2f8ab09fe",-0.404397907571429,"d28565e03340925758c915d26aaa3cb2f8ab09fe","d__Bacteria","p__Firmicutes_A","c__Clostridia","o__Lachnospirales","f__Lachnospiraceae","g__Dorea","s__Dorea sp900066555"
"d2d970804d34ed3bd39ee0297e07819f7f6a3d7e",-0.26722090975,"d2d970804d34ed3bd39ee0297e07819f7f6a3d7e","d__Bacteria","p__Firmicutes_A","c__Clostridia","o__Lachnospirales","f__Lachnospiraceae","g__Agathobacter","unidentified"
"d43edad3dc397d43cc72f9a8e10f06da1ce8959f",-0.081784930375,"d43edad3dc397d43cc72f9a8e10f06da1ce8959f","d__Bacteria","p__Firmicutes_A","c__Clostridia","o__Oscillospirales","f__Oscillospiraceae","g__Flavonifractor","unidentified"
"d47beb8cb5d090d3ae5824302bb361b0c25784c6",0.093021339125,"d47beb8cb5d090d3ae5824302bb361b0c25784c6","d__Bacteria","p__Firmicutes_A","c__Clostridia","o__Lachnospirales","f__Lachnospiraceae","g__Fusicatenibacter","s__Fusicatenibacter saccharivorans"
"d6066493255f287eb4cc1edf60657d74b7482cf7",-0.051152056375,"d6066493255f287eb4cc1edf60657d74b7482cf7","d__Bacteria","p__Firmicutes_A","c__Clostridia","o__Monoglobales_A","f__UBA1381","g__CAG-41","s__CAG-41 sp900066215"
"d7ba70166bf38311a0becbf3b7abaf877d2b1ebc",0.191941749333333,"d7ba70166bf38311a0becbf3b7abaf877d2b1ebc","d__Bacteria","p__Bacteroidota","c__Bacteroidia","o__Bacteroidales","f__Bacteroidaceae","g__Bacteroides","s__Bacteroides caccae"
"d86e4f305591eb033e1607e4ec0f3a9217fefc22",-0.197563246142857,"d86e4f305591eb033e1607e4ec0f3a9217fefc22","d__Bacteria","p__Firmicutes_A","c__Clostridia","o__Lachnospirales","f__Lachnospiraceae","g__Anaerobutyricum","s__Anaerobutyricum hallii"
"d879f2b031e9779f6aeb31c079227e2bb1d6df43",-0.0514315036,"d879f2b031e9779f6aeb31c079227e2bb1d6df43","d__Bacteria","p__Bacteroidota","c__Bacteroidia","o__Bacteroidales","f__Bacteroidaceae","unidentified","unidentified"
"d88ad732eb7b9e1f6ab2e218b6bb69ad7e4c4e7e",-0.418297486125,"d88ad732eb7b9e1f6ab2e218b6bb69ad7e4c4e7e","d__Bacteria","p__Firmicutes_A","c__Clostridia","o__Oscillospirales","f__Ruminococcaceae","g__Gemmiger","s__Gemmiger variabilis_B"
"d8da9d5dd748453bb6334672312a3b5ab268ccb0",-0.317606765833333,"d8da9d5dd748453bb6334672312a3b5ab268ccb0","d__Bacteria","p__Firmicutes_A","c__Clostridia","o__Lachnospirales","f__Lachnospiraceae","g__Ruminococcus_B","s__Ruminococcus_B gnavus"
"d9290a730857856a7fe7d7fe49aa58dc09cef827",-0.434000408,"d9290a730857856a7fe7d7fe49aa58dc09cef827","d__Bacteria","p__Firmicutes_A","c__Clostridia","o__Oscillospirales","f__Ruminococcaceae","g__Gemmiger","s__Gemmiger sp900540595"
"d9bd0edf834bcbb586d4b4f87255dc6a9ef9cab3",-0.5282282238,"d9bd0edf834bcbb586d4b4f87255dc6a9ef9cab3","d__Bacteria","p__Bacteroidota","c__Bacteroidia","o__Bacteroidales","f__Bacteroidaceae","g__Bacteroides","s__Bacteroides cellulosilyticus"
"dac05d85846d9020d0cda2217c34a477a3379e0b",-0.91235973825,"dac05d85846d9020d0cda2217c34a477a3379e0b","d__Bacteria","p__Actinobacteriota","c__Coriobacteriia","o__Coriobacteriales","f__Eggerthellaceae","g__Adlercreutzia","unidentified"
"db947699d0d5993caa6418514de3a631aa8f392e",0.51459484725,"db947699d0d5993caa6418514de3a631aa8f392e","d__Bacteria","p__Firmicutes_A","c__Clostridia","o__Lachnospirales","f__Lachnospiraceae","g__CAG-81","s__CAG-81 sp900066785"
"dbd0570929f254d5170516fe4db84852b8d58ed1",0.00663419566666667,"dbd0570929f254d5170516fe4db84852b8d58ed1","d__Bacteria","p__Firmicutes_A","c__Clostridia","o__Lachnospirales","f__Lachnospiraceae","unidentified","unidentified"
"dbd08152e80c3d31f02c830401eb75de20cfc7d5",0.414644197,"dbd08152e80c3d31f02c830401eb75de20cfc7d5","d__Bacteria","p__Firmicutes_A","c__Clostridia","o__Lachnospirales","f__Lachnospiraceae","g__Mediterraneibacter","unidentified"
"dbf502fe989ce252bff207c8c4a074c2308ddda9",-0.399990187,"dbf502fe989ce252bff207c8c4a074c2308ddda9","d__Bacteria","p__Firmicutes_A","c__Clostridia","o__Oscillospirales","f__Oscillospiraceae","g__Lawsonibacter","s__Lawsonibacter sp900066645"
"dc20758b6dd8d11c84311219c3f5798372e27307",-0.36078681,"dc20758b6dd8d11c84311219c3f5798372e27307","d__Bacteria","p__Firmicutes_A","c__Clostridia","o__Lachnospirales","f__Lachnospiraceae","g__Bariatricus","s__Bariatricus comes"
"dc7dde9624061cb1651fbd490228f0085d4721ba",-1.3137163965,"dc7dde9624061cb1651fbd490228f0085d4721ba","d__Bacteria","p__Firmicutes_A","c__Clostridia","o__Lachnospirales","f__Lachnospiraceae","unidentified","unidentified"
"ddb9934086bc49fdc817681a462375f5bad4bef6",0.137185864333333,"ddb9934086bc49fdc817681a462375f5bad4bef6","d__Bacteria","p__Firmicutes_A","c__Clostridia","o__Lachnospirales","f__Lachnospiraceae","unidentified","unidentified"
"dedb10a5e26b0247f2826d68d5018723b6d64db8",-0.399572546666667,"dedb10a5e26b0247f2826d68d5018723b6d64db8","d__Bacteria","p__Bacteroidota","c__Bacteroidia","o__Bacteroidales","f__Bacteroidaceae","g__Bacteroides","unidentified"
"e1dde240b641d90c2e151003ebfa18851039c924",-0.130553278666667,"e1dde240b641d90c2e151003ebfa18851039c924","d__Bacteria","p__Firmicutes_A","c__Clostridia","o__Lachnospirales","f__Anaerotignaceae","g__Anaerotignum","unidentified"
"e4371020bed5f17b127cd7049e5d5532b92f6974",-0.24632191025,"e4371020bed5f17b127cd7049e5d5532b92f6974","d__Bacteria","p__Firmicutes","c__Bacilli","o__Erysipelotrichales","f__Erysipelatoclostridiaceae","g__Erysipelatoclostridium","unidentified"
"e5ff6ba9ab91db89afbff53faa7d96cf366435b7",0.497045097833333,"e5ff6ba9ab91db89afbff53faa7d96cf366435b7","d__Bacteria","p__Firmicutes_C","c__Negativicutes","o__Veillonellales","f__Veillonellaceae","g__Veillonella","unidentified"
"e8b7d2468aa6eb5bec5ff33605a7130fd52249db",-0.363017194666667,"e8b7d2468aa6eb5bec5ff33605a7130fd52249db","d__Bacteria","p__Firmicutes_A","c__Clostridia","o__Oscillospirales","f__Ruminococcaceae","g__Gemmiger","unidentified"
"e9f9b8051cb5867b5a2c799e6e4262019945c0e4",-0.1848415785,"e9f9b8051cb5867b5a2c799e6e4262019945c0e4","d__Bacteria","p__Firmicutes_A","c__Clostridia","o__Lachnospirales","f__Lachnospiraceae","g__Muricomes","s__Muricomes fissicatena"
"ead3b1c56535f47745b0ea1d37465f0c97f88cb1",0.142984995333333,"ead3b1c56535f47745b0ea1d37465f0c97f88cb1","d__Bacteria","p__Firmicutes_A","c__Clostridia","o__Lachnospirales","f__Lachnospiraceae","g__Dorea","unidentified"
"eafd6851cb478fed4d85de51fffb3e5993384107",-0.071208014125,"eafd6851cb478fed4d85de51fffb3e5993384107","d__Bacteria","p__Firmicutes_A","c__Clostridia","o__Oscillospirales","f__Ruminococcaceae","g__Gemmiger","s__Gemmiger sp900540595"
"ecdf5d027a3123a260efe82063db47a0559df099",0.0833725953333333,"ecdf5d027a3123a260efe82063db47a0559df099","d__Bacteria","p__Firmicutes_A","c__Clostridia","o__Oscillospirales","f__Oscillospiraceae","g__Lawsonibacter","s__Lawsonibacter sp003612335"
"edae7c7d76de32511f1c15034eca3837e8e4dc87",-0.29797956925,"edae7c7d76de32511f1c15034eca3837e8e4dc87","d__Bacteria","p__Firmicutes_A","c__Clostridia","o__Lachnospirales","f__Lachnospiraceae","unidentified","unidentified"
"efeecf874d2c88fc0aa8446db651a867c56470d1",-0.4107049212,"efeecf874d2c88fc0aa8446db651a867c56470d1","d__Bacteria","p__Firmicutes","c__Bacilli","o__Haloplasmatales","f__Turicibacteraceae","g__Turicibacter","s__Turicibacter sp001543345"
"f0b16f78ceefa8c99719ae76ac0865dee60fa959",0.040573804,"f0b16f78ceefa8c99719ae76ac0865dee60fa959","d__Bacteria","p__Bacteroidota","c__Bacteroidia","o__Bacteroidales","f__Bacteroidaceae","g__Phocaeicola","s__Phocaeicola vulgatus"
"f0c4a15f1b5bf295e976f1b3f367bc7ca8822119",1.221246455,"f0c4a15f1b5bf295e976f1b3f367bc7ca8822119","d__Bacteria","p__Actinobacteriota","c__Actinomycetia","o__Actinomycetales","f__Bifidobacteriaceae","g__Bifidobacterium","unidentified"
"f0cf92b841ad20e0ee2377f68be5de2023544f2e",0.220672573333333,"f0cf92b841ad20e0ee2377f68be5de2023544f2e","d__Bacteria","p__Firmicutes_A","c__Clostridia","o__Oscillospirales","f__Ruminococcaceae","g__Faecalibacterium","unidentified"
"f3ba4e2860976bd361ccd1e7580979d23beb7c06",-0.468394504,"f3ba4e2860976bd361ccd1e7580979d23beb7c06","d__Bacteria","p__Firmicutes_A","c__Clostridia","o__Lachnospirales","f__Lachnospiraceae","unidentified","unidentified"
"f47611c0c68b47255003e3705d6753bd79cf188f",0.115646024666667,"f47611c0c68b47255003e3705d6753bd79cf188f","d__Bacteria","p__Firmicutes_A","c__Clostridia","o__Oscillospirales","f__Acutalibacteraceae","g__UBA737","s__UBA737 sp900547445"
"f6f1e1cd296405ff0f6c9614e85f67f77081d983",-0.197499697,"f6f1e1cd296405ff0f6c9614e85f67f77081d983","d__Bacteria","p__Bacteroidota","c__Bacteroidia","o__Bacteroidales","f__Bacteroidaceae","g__Phocaeicola","s__Phocaeicola massiliensis"
"f92a042572594f1f5e7ca709a0a6478dcf8f9f83",0.146172129285714,"f92a042572594f1f5e7ca709a0a6478dcf8f9f83","d__Bacteria","p__Bacteroidota","c__Bacteroidia","o__Bacteroidales","f__Rikenellaceae","g__Alistipes","unidentified"
"fb639f41062f005ad6215d9d4bd1baedc7862334",0.49363897175,"fb639f41062f005ad6215d9d4bd1baedc7862334","d__Bacteria","p__Firmicutes_A","c__Clostridia","o__Oscillospirales","f__Oscillospiraceae","g__Oscillibacter","s__Oscillibacter sp900115635"
"fbb506568c406e9dc91efa9d9ac4cc536b73ca85",0.313105909625,"fbb506568c406e9dc91efa9d9ac4cc536b73ca85","d__Bacteria","p__Firmicutes_A","c__Clostridia","o__Oscillospirales","f__Ruminococcaceae","g__Faecalibacterium","unidentified"
"fc6062fbd852cb1a06569c0c3d49f5e31cf54e50",-0.847239384833333,"fc6062fbd852cb1a06569c0c3d49f5e31cf54e50","d__Bacteria","p__Firmicutes_A","c__Clostridia","o__Lachnospirales","f__Lachnospiraceae","g__Mediterraneibacter","s__Mediterraneibacter lactaris"
"fee78999ccbe23f6dcbeb17017921d14dadd4418",-0.186873365333333,"fee78999ccbe23f6dcbeb17017921d14dadd4418","d__Bacteria","p__Bacteroidota","c__Bacteroidia","o__Bacteroidales","f__Rikenellaceae","g__Alistipes_A","s__Alistipes_A indistinctus"
"ffd305a548903f3e385469f595688a2e0671f6db",0.452522463,"ffd305a548903f3e385469f595688a2e0671f6db","d__Bacteria","p__Bacteroidota","c__Bacteroidia","o__Bacteroidales","f__Tannerellaceae","g__Parabacteroides","unidentified"
"ffe653666b9c65669cb9ac902afae7e4f49fb250",0.370111435333333,"ffe653666b9c65669cb9ac902afae7e4f49fb250","d__Bacteria","p__Firmicutes_A","c__Clostridia","o__Oscillospirales","f__Ruminococcaceae","g__Faecalibacterium","unidentified"
