OTU,baseMean,log2FoldChange,lfcSE,stat,pvalue,padj,Kingdom,Phylum,Class,Order,Family,Genus,Species
d43edad3dc397d43cc72f9a8e10f06da1ce8959f,3.884181968,1.217282208,0.659737228,1.845101589,0.065022762,0.25155103,d__Bacteria,p__Firmicutes_A,c__Clostridia,o__Oscillospirales,f__Oscillospiraceae,g__Flavonifractor,unidentified
d47beb8cb5d090d3ae5824302bb361b0c25784c6,94.91257894,0.315506996,0.445367055,0.70842015,0.478684383,0.769747697,d__Bacteria,p__Firmicutes_A,c__Clostridia,o__Lachnospirales,f__Lachnospiraceae,g__Fusicatenibacter,s__Fusicatenibacter saccharivorans
3cad2e9cb2043bd3aa4d49afe723a62b87b763f6,0.809309994,0.630786872,0.912038531,0.691623052,0.489174081,NA,d__Bacteria,p__Firmicutes_A,c__Clostridia,o__Oscillospirales,f__Oscillospiraceae,g__Lawsonibacter,unidentified
08d10357a57ed665a2b8c44efbf0f991a4910125,1.108937574,0.049809699,0.768684896,0.064798592,0.948334362,NA,d__Bacteria,p__Firmicutes_A,c__Clostridia,o__Oscillospirales,f__Ruminococcaceae,g__Faecalibacterium,unidentified
058315feb5f0dbd44ab6a6f983f2e9951c2cf168,1.233778202,0.171028423,0.826008205,0.207054146,0.835967572,NA,d__Bacteria,p__Firmicutes_A,c__Clostridia,o__Lachnospirales,f__Lachnospiraceae,g__Acetatifactor,s__Acetatifactor sp900066565
fe5dc91d58556e228070afd6bc1dc93d02b3255a,1.600634086,2.112816858,0.885395213,2.386298036,0.017018952,NA,d__Bacteria,p__Firmicutes_A,c__Clostridia,o__Lachnospirales,f__Lachnospiraceae,unidentified,unidentified
4562989b2be1a47d23a80a7b088dbf033a7c4c11,0.940540411,1.091262128,1.052209488,1.03711489,0.299682316,NA,d__Bacteria,p__Firmicutes_A,c__Clostridia,o__Oscillospirales,f__Acutalibacteraceae,g__Ruminococcus_E,unidentified
6092a7c9b8837c654a7c6fd21230aac1d96b927d,1.22692885,2.418948338,0.930400292,2.599900667,0.009325075,NA,d__Bacteria,p__Firmicutes_A,c__Clostridia,o__Oscillospirales,f__Acutalibacteraceae,g__Acutalibacter,s__Acutalibacter sp003612555
a3bf83a9f89f34d1cbd448a354b2b981a40ba350,1.318551233,0.237897818,0.952295646,0.249815086,0.802730353,NA,d__Bacteria,p__Firmicutes_A,c__Clostridia,o__Lachnospirales,f__Lachnospiraceae,g__Roseburia,unidentified
fbb506568c406e9dc91efa9d9ac4cc536b73ca85,1122.656213,0.315866095,0.228345067,1.38328408,0.166577777,0.473805424,d__Bacteria,p__Firmicutes_A,c__Clostridia,o__Oscillospirales,f__Ruminococcaceae,g__Faecalibacterium,unidentified
2f331ad51f76d989782a9cb63dbea94e4f8b844c,24.34541495,-2.296048304,0.82120375,-2.795954481,0.005174669,0.036802659,d__Bacteria,p__Firmicutes_A,c__Clostridia,o__Lachnospirales,f__Lachnospiraceae,unidentified,unidentified
d7d1ce91f7a7cf47d8656413bbae37564a6c3de5,38.88352075,0.936177631,0.844932181,1.107991448,0.267865509,0.624114351,d__Bacteria,p__Firmicutes_C,c__Negativicutes,o__Acidaminococcales,f__Acidaminococcaceae,g__Phascolarctobacterium_A,unidentified
5c084ab75457f799a245f66ab04fe00a1a4938c9,3.111028251,-0.4849478,0.852277399,-0.5690023,0.569354579,0.775406712,d__Bacteria,p__Firmicutes_A,c__Clostridia,o__Oscillospirales,f__Oscillospiraceae,unidentified,unidentified
43f2f063cb2edbd604264e0eabe3a364269c3a9d,1.772858989,0.238338557,0.872827441,0.273064922,0.784803311,NA,d__Bacteria,p__Firmicutes_A,c__Clostridia,o__Oscillospirales,f__Ruminococcaceae,g__Angelakisella,s__Angelakisella massiliensis
08f9812c8ddc567bf670ebb651be0e74a55c4603,0.83984992,0.181176819,0.899112331,0.201506322,0.840302687,NA,d__Bacteria,p__Firmicutes_A,c__Clostridia,o__Oscillospirales,f__Ruminococcaceae,g__Faecalibacterium,s__Faecalibacterium prausnitzii_G
72a591069a0e4e007ffc35390d443a5878a2bcd3,1.516897817,-0.314076599,0.913199779,-0.34392978,0.730899095,NA,d__Bacteria,p__Firmicutes_A,c__Clostridia,o__Lachnospirales,f__Lachnospiraceae,g__Schaedlerella,s__Schaedlerella sp900066545
5b0b727a8cbf23997acbf2f9e32ff29a57f2d3cf,8.841179806,0.41314298,0.667393047,0.619039983,0.53589002,0.769747697,d__Bacteria,p__Proteobacteria,c__Gammaproteobacteria,o__Burkholderiales,f__Burkholderiaceae,g__Parasutterella,unidentified
2e2aa48327491860732b3ac809b0a333f8d4605e,5.014042437,0.730355719,0.462493764,1.579168794,0.114297346,0.371466374,d__Bacteria,p__Firmicutes_A,c__Clostridia,o__Oscillospirales,f__Ruminococcaceae,g__Faecalibacterium,s__Faecalibacterium prausnitzii_G
b0a7b618138b08258a46347956ebba150b8545fa,10.14433183,1.286747778,0.555232703,2.317492775,0.020476904,0.100972319,d__Bacteria,p__Firmicutes_A,c__Clostridia,o__Oscillospirales,f__Ruminococcaceae,g__Ruthenibacterium,s__Ruthenibacterium lactatiformans
801f6db487011a4bbd45082f36ca8e9467a26ec5,1.631763524,0.863834619,0.75781083,1.139907989,0.254324636,NA,d__Bacteria,p__Firmicutes_C,c__Negativicutes,o__Acidaminococcales,f__Acidaminococcaceae,g__Phascolarctobacterium_A,unidentified
3ab6e6ac4c67f056d186dd6dccda3400273123ea,1.004951479,0.656142033,0.848512112,0.773285406,0.439353491,NA,d__Bacteria,p__Firmicutes_A,c__Clostridia,o__Oscillospirales,f__Acutalibacteraceae,g__Clostridium_A,s__Clostridium_A leptum
3bc66b0703158a0b96dc880adbfc10c7de57cea4,0.659494008,0.516126124,0.911484448,0.566247867,0.571225295,NA,d__Bacteria,p__Firmicutes_A,c__Clostridia,o__Oscillospirales,f__Butyricicoccaceae,g__Agathobaculum,s__Agathobaculum butyriciproducens
2121d02fed97ef400063411122ab85ea5c1ec618,4.577841517,-0.365630291,0.43137958,-0.847583678,0.396669867,0.710472354,d__Bacteria,p__Firmicutes_A,c__Clostridia,o__Lachnospirales,f__Lachnospiraceae,g__Agathobacter,s__Agathobacter rectalis
17f552bd6c9e75f51ad67a8986900692f382050e,4.806856664,0.472897285,0.556339175,0.850016152,0.395316106,0.710472354,d__Bacteria,p__Firmicutes_A,c__Clostridia,o__Oscillospirales,f__Ruminococcaceae,g__Faecalibacterium,s__Faecalibacterium prausnitzii_G
79310580abcd5bac8cf38df4bdcb4ccde745f6ee,11.39569197,-0.459932367,0.438300062,-1.049355012,0.294014756,0.63584712,d__Bacteria,p__Firmicutes,c__Bacilli,o__Lactobacillales,f__Streptococcaceae,g__Streptococcus,unidentified
00b5819148080b717d2e11c8e5cf25ee374ad05c,1.271750332,1.149543992,0.981825201,1.170823473,0.24166974,NA,d__Bacteria,p__Firmicutes_A,c__Clostridia,o__Lachnospirales,f__Lachnospiraceae,g__Clostridium_Q,s__Clostridium_Q symbiosum
5d62ca4aa17aaf77474dbecf34d97b7da8bb46ce,2.330180817,0.340990133,0.54594588,0.624585962,0.532242835,0.769747697,d__Bacteria,p__Firmicutes_A,c__Clostridia,o__Oscillospirales,f__Ruminococcaceae,g__Faecalibacterium,unidentified
8cb061cbd139dcb5a87e44b016402cf2b03bd407,8.979447392,1.51531454,0.550293015,2.753650328,0.00589347,0.038307553,d__Bacteria,p__Firmicutes_A,c__Clostridia,o__Lachnospirales,f__Lachnospiraceae,g__CAG-81,unidentified
04ad1bf8ff4e32914011825abfdcb8dc2253c309,2.298225332,0.097299146,0.953971892,0.101993724,0.918761657,0.97173305,d__Bacteria,p__Bacteroidota,c__Bacteroidia,o__Bacteroidales,f__Rikenellaceae,g__Alistipes,s__Alistipes onderdonkii
02ccc6b4a4e5bc0b23b8af6f0f600f6e036b2836,2.027864735,-1.333058463,0.769044331,-1.733396126,0.083025286,NA,d__Bacteria,p__Firmicutes_A,c__Clostridia,o__Oscillospirales,f__Ruminococcaceae,g__Faecalibacterium,unidentified
d28565e03340925758c915d26aaa3cb2f8ab09fe,2.642094238,-0.811515153,0.603548932,-1.344572262,0.178763406,0.482323906,d__Bacteria,p__Firmicutes_A,c__Clostridia,o__Lachnospirales,f__Lachnospiraceae,g__Dorea,s__Dorea sp900066555
f0c4a15f1b5bf295e976f1b3f367bc7ca8822119,2.849831375,-0.068526158,0.895919611,-0.07648695,0.939031696,0.973054584,d__Bacteria,p__Actinobacteriota,c__Actinomycetia,o__Actinomycetales,f__Bifidobacteriaceae,g__Bifidobacterium,unidentified
2f10b70f625cb69f74d6b362e2b8eef0701eced4,20.88763771,1.446472789,0.477191848,3.031218563,0.002435689,0.025372535,d__Bacteria,p__Firmicutes_A,c__Clostridia,o__Oscillospirales,f__Acutalibacteraceae,g__Clostridium_A,s__Clostridium_A leptum
ffd305a548903f3e385469f595688a2e0671f6db,3.236566948,4.223756111,0.890682176,4.742158566,2.11E-06,0.000248438,d__Bacteria,p__Bacteroidota,c__Bacteroidia,o__Bacteroidales,f__Tannerellaceae,g__Parabacteroides,unidentified
7de51ee500c68a9da4fd52a4df1133cba2ab0fca,9.863697362,-0.033041718,0.621978781,-0.053123545,0.957633471,0.985191269,d__Bacteria,p__Firmicutes_A,c__Clostridia,o__Lachnospirales,f__Lachnospiraceae,g__Roseburia,unidentified
bb075dfae405e92f0021a0f7cbc2896bfd2f8f6f,3.3802734,1.432206614,0.589406122,2.429914726,0.015102376,0.083063066,d__Bacteria,p__Firmicutes_A,c__Clostridia,o__Lachnospirales,f__Lachnospiraceae,g__Fusicatenibacter,s__Fusicatenibacter saccharivorans
5306dd9efe1839e6fc783e22358007b036aca265,5.394298882,0.344672754,0.519158922,0.663906059,0.506750438,0.769747697,d__Bacteria,p__Firmicutes_A,c__Clostridia,o__Oscillospirales,f__Acutalibacteraceae,g__UMGS1071,s__UMGS1071 sp900548305
4108dc84e615159b91e360f8a6d98cd5778a158d,8.408990501,-0.469024977,0.46159326,-1.016100142,0.309581701,0.641596859,d__Bacteria,p__Firmicutes_A,c__Clostridia,o__Lachnospirales,f__Lachnospiraceae,g__Coprococcus_A,s__Coprococcus_A catus
44b0e2a93441d8983fbf86c96daababc7a749f7a,4.974791371,3.638864901,0.784143431,4.640560333,3.47E-06,0.000248438,d__Bacteria,p__Firmicutes_A,c__Clostridia,o__Oscillospirales,unidentified,unidentified,unidentified
04275ac29161113dc22eeb92d596def124b37373,1.251386211,-0.950090964,0.685545265,-1.385890929,0.165780211,NA,d__Bacteria,p__Firmicutes_A,c__Clostridia,o__Oscillospirales,f__Butyricicoccaceae,g__Agathobaculum,s__Agathobaculum butyriciproducens
7ff95b896e69c63b94586ec5f6443abe023e44b3,5.681674098,0.072134013,0.628719377,0.114731653,0.908657824,0.969687081,d__Bacteria,p__Firmicutes_A,c__Clostridia,o__Oscillospirales,f__Ruminococcaceae,g__Gemmiger,s__Gemmiger qucibialis
bf88d5ca54d011cefc78a0790f97b45fafeff6be,4.182213986,0.700234125,0.46469988,1.50685239,0.131848497,0.40987685,d__Bacteria,p__Firmicutes_A,c__Clostridia,o__Oscillospirales,f__Ruminococcaceae,g__Faecalibacterium,s__Faecalibacterium prausnitzii_G
cf14a9e873ab926b813d08637c2bf5cbbe23c464,43.0759792,-1.431894843,0.537620493,-2.663393346,0.007735693,0.04809583,d__Bacteria,p__Actinobacteriota,c__Coriobacteriia,o__Coriobacteriales,unidentified,unidentified,unidentified
9ed1d246a1d504a6654f3fb03b5cb9a45fd2fbc9,42.64385992,-0.401573026,0.567747863,-0.70730874,0.479374635,0.769747697,d__Bacteria,p__Firmicutes_A,c__Clostridia,o__Oscillospirales,f__Oscillospiraceae,g__CAG-83,s__CAG-83 sp900545585
73c67e201cca0a82775ce377f69ac7d17951bc17,9.85940894,-0.652537306,0.597718977,-1.091712545,0.274959469,0.624114351,d__Bacteria,p__Firmicutes_A,c__Clostridia,o__Lachnospirales,f__Anaerotignaceae,g__Anaerotignum,s__Anaerotignum sp000436415
079bd0f00fc8de914fea8f5a1009e0a3ab1454c3,16.77191189,-1.690644095,0.517496786,-3.266965398,0.00108707,0.014131906,d__Bacteria,p__Firmicutes_A,c__Clostridia,o__Lachnospirales,f__Lachnospiraceae,g__Mediterraneibacter,s__Mediterraneibacter torques
921c29e652f197ee4523856074e9392db3efeb2f,1.773627587,1.59571927,0.746154914,2.138589777,0.032468906,NA,d__Bacteria,p__Bacteroidota,c__Bacteroidia,o__Bacteroidales,f__Bacteroidaceae,g__Bacteroides,unidentified
1a358ec1f08c3036d5b3f6b0e80f5464c3a2d95f,4.104032872,0.776599074,0.635820215,1.221412997,0.221929689,0.556770973,d__Bacteria,p__Firmicutes_A,c__Clostridia,o__Lachnospirales,f__Lachnospiraceae,g__Hungatella_A,s__Hungatella_A sp003478355
cd97829047759d65aca47f1da1ff08750290eca8,13.66521973,0.17406439,0.354013322,0.491688811,0.622939349,0.81912697,d__Bacteria,p__Firmicutes_A,c__Clostridia,o__Lachnospirales,f__Lachnospiraceae,g__Clostridium_Q,s__Clostridium_Q sp003024715
628ae0d85fbaaaffd84e19d5b4ca6e42b317785d,12.73796257,3.349639142,0.828912601,4.041004005,5.32E-05,0.001268478,d__Bacteria,p__Firmicutes_A,c__Clostridia,o__Oscillospirales,f__Acutalibacteraceae,g__Acutalibacter,s__Acutalibacter timonensis
1fdf887c0ec5b48463b13364399f1fb6fe68315a,6.838710056,-0.27759457,0.791818937,-0.350578342,0.725904707,0.902646723,d__Bacteria,p__Firmicutes_A,c__Clostridia,o__Oscillospirales,f__Oscillospiraceae,g__CAG-110,s__CAG-110 sp900544945
cfc80063afd8df82ff7ebd4df57e3dc35bb0cfd8,10.63596252,2.620595777,0.788459597,3.323690633,0.000888347,0.01270336,d__Bacteria,p__Firmicutes_A,unidentified,unidentified,unidentified,unidentified,unidentified
472f14689cf6b1d15b188923eb8ed0e5067d3b76,65.21614241,-2.288890506,0.52081561,-4.394819324,1.11E-05,0.000442137,d__Bacteria,p__Firmicutes_A,c__Clostridia,o__Lachnospirales,f__Lachnospiraceae,g__Mediterraneibacter,s__Mediterraneibacter faecis
77a043db622126bd251156e182853e9e30fc3bdc,3.213102072,-0.540314548,0.586716026,-0.920913225,0.357095733,0.690063376,d__Bacteria,p__Firmicutes_A,c__Clostridia,o__Lachnospirales,f__Lachnospiraceae,g__Blautia_A,unidentified
6d6ecce432d3314e995e4e3057ea322a6db2a862,2.052233293,0.384522569,0.709235899,0.542164561,0.587705147,NA,d__Bacteria,p__Firmicutes_A,c__Clostridia,o__Lachnospirales,f__Lachnospiraceae,g__Blautia_A,s__Blautia_A sp900066165
edae7c7d76de32511f1c15034eca3837e8e4dc87,0.753801885,-0.744285518,0.981299084,-0.758469593,0.448169909,NA,d__Bacteria,p__Firmicutes_A,c__Clostridia,o__Lachnospirales,f__Lachnospiraceae,unidentified,unidentified
28196788fccdbaed54e549b85503c506d92e157b,2.311533407,0.143370909,0.744283249,0.192629498,0.847249141,0.932387475,d__Bacteria,p__Firmicutes_A,c__Clostridia,o__Lachnospirales,f__Lachnospiraceae,g__Eisenbergiella,s__Eisenbergiella sp900066775
50f645b0e0bfce9253e20467d72f853b702bb033,10.28105329,-1.282442163,0.781529453,-1.640939005,0.100810077,0.339954257,d__Bacteria,p__Firmicutes_A,c__Clostridia,o__Oscillospirales,f__Oscillospiraceae,g__Sporobacter,s__Sporobacter termitidis
d2d970804d34ed3bd39ee0297e07819f7f6a3d7e,2.084426666,-0.517435914,0.688429205,-0.751618191,0.4522807,NA,d__Bacteria,p__Firmicutes_A,c__Clostridia,o__Lachnospirales,f__Lachnospiraceae,g__Agathobacter,unidentified
5a7e8467339131e6ae6274288151c734105932a6,66.902822,0.150245366,0.395925841,0.379478555,0.704332526,0.899281708,d__Bacteria,p__Firmicutes_A,c__Clostridia,o__Oscillospirales,f__Ruminococcaceae,g__Faecalibacterium,s__Faecalibacterium prausnitzii_I
1dad97a1cd9c05a4f2be6d4858718f9b5133e206,1.005191679,-0.835891112,0.814036013,-1.026847828,0.304492124,NA,d__Bacteria,p__Firmicutes_A,c__Clostridia,o__Lachnospirales,f__Lachnospiraceae,g__Blautia_A,unidentified
681578b1c71ad4beb2b3a41bfca736d912e7c855,8.366506512,-0.284838862,0.534975924,-0.532433048,0.594426101,0.801914457,d__Bacteria,p__Firmicutes_A,c__Clostridia,o__Lachnospirales,f__Lachnospiraceae,g__UBA9502,unidentified
c51dadc28964ac2c968dd9342c19d37204a83e9c,4.775260785,0.952865936,0.547903535,1.739112591,0.08201496,0.300721521,d__Bacteria,p__Firmicutes_A,c__Clostridia,o__Lachnospirales,f__Anaerotignaceae,g__Anaerotignum,unidentified
a11b96a20ad9e1a5360be48e11d57aec1590c38c,5.801419323,0.545038111,0.861004393,0.633025936,0.526716706,0.769747697,d__Bacteria,p__Firmicutes_A,c__Clostridia,o__Oscillospirales,f__Acutalibacteraceae,g__Anaeromassilibacillus,s__Anaeromassilibacillus sp002159845
5d4b092976cce043692a1155c61a929b236bc522,2.081152208,0.505162007,0.66945632,0.754585463,0.450497749,NA,d__Bacteria,p__Firmicutes_A,c__Clostridia,o__Lachnospirales,f__Lachnospiraceae,unidentified,unidentified
4b772c37b5ba290b4c4fe27759f0577057277c01,64.86210854,0.114464599,0.554658172,0.206369625,0.836502195,0.932387475,d__Bacteria,p__Firmicutes_A,c__Clostridia,o__Lachnospirales,f__Lachnospiraceae,g__Eisenbergiella,s__Eisenbergiella sp900066775
dbd0570929f254d5170516fe4db84852b8d58ed1,1.508623105,0.043247004,0.724854801,0.059662989,0.952424049,NA,d__Bacteria,p__Firmicutes_A,c__Clostridia,o__Lachnospirales,f__Lachnospiraceae,unidentified,unidentified
a17359057e9470077839413e10686bd37a200de5,5.131289842,-0.491671863,0.427495555,-1.150121579,0.2500938,0.606159548,d__Bacteria,p__Firmicutes_A,c__Clostridia,o__Lachnospirales,f__Lachnospiraceae,g__Blautia_A,unidentified
3ab64f7f705d4414c88fbf3a92763f6f976e46ec,166.4945776,-0.428762316,0.644846654,-0.664905855,0.50611071,0.769747697,d__Bacteria,p__Firmicutes_A,c__Clostridia,o__Oscillospirales,f__Ruminococcaceae,g__Gemmiger,s__Gemmiger qucibialis
160d827ccaad7aaa278afdd322e2bf4a1668ff81,4.37937117,1.165439516,0.577050891,2.019647721,0.043419941,0.18815308,d__Bacteria,p__Bacteroidota,c__Bacteroidia,o__Bacteroidales,f__Bacteroidaceae,g__Bacteroides,s__Bacteroides uniformis
26ae528aea66ad7a7c4434d0484d497058b0a5c3,8.159484648,-0.222517803,0.611171815,-0.364083875,0.715795378,0.901405224,d__Bacteria,p__Firmicutes_A,c__Clostridia,o__Oscillospirales,f__Oscillospiraceae,g__Oscillibacter,unidentified
c4d58d8887b785b891ed9b37f0ea43d76c1398ca,1.311199607,0.514675812,0.701732674,0.733435723,0.463292718,NA,d__Bacteria,p__Firmicutes_A,c__Clostridia,o__Lachnospirales,f__Lachnospiraceae,g__Agathobacter,s__Agathobacter rectalis
468699a5c64552538015fc49f70c7875f16ef092,0.905239826,-0.873563613,0.868527831,-1.005798067,0.314512717,NA,d__Bacteria,p__Firmicutes_A,c__Clostridia,o__Lachnospirales,f__Lachnospiraceae,g__Dorea,unidentified
c5c6e1d304afb6af0e6183e8aaa2a705e48b24c8,8.426120699,0.739994213,0.859698266,0.860760388,0.389370026,0.710472354,d__Bacteria,p__Firmicutes_A,c__Clostridia,o__Oscillospirales,f__Oscillospiraceae,g__ER4,s__ER4 sp000765235
6c5323bf619d803a3f6b4bd3456d1ef2c7d67cf8,1.314450441,0.671533187,0.89180756,0.753002348,0.451448503,NA,d__Bacteria,p__Bacteroidota,c__Bacteroidia,o__Bacteroidales,unidentified,unidentified,unidentified
0fe2a939340c47fb2ebde5025291a86fe0adc0d0,3.923332416,0.777569784,0.761584626,1.020989339,0.30725949,0.641596859,d__Bacteria,p__Firmicutes_A,c__Clostridia,o__Lachnospirales,f__Lachnospiraceae,g__Lachnospira,s__Lachnospira rogosae
a08d311023035e3f90bb42387c44a6f61159b3bc,4.98169989,1.147093896,0.665515964,1.723615898,0.084777207,0.303078514,d__Bacteria,p__Firmicutes_A,c__Clostridia,o__Lachnospirales,f__Lachnospiraceae,g__GCA-900066575,s__GCA-900066575 sp900066385
fb639f41062f005ad6215d9d4bd1baedc7862334,1.390222282,1.035123326,0.840923536,1.230936324,0.218346681,NA,d__Bacteria,p__Firmicutes_A,c__Clostridia,o__Oscillospirales,f__Oscillospiraceae,g__Oscillibacter,s__Oscillibacter sp900115635
eafd6851cb478fed4d85de51fffb3e5993384107,85.52845,-0.803609475,0.52218025,-1.538950344,0.123816419,0.393461066,d__Bacteria,p__Firmicutes_A,c__Clostridia,o__Oscillospirales,f__Ruminococcaceae,g__Gemmiger,s__Gemmiger sp900540595
5aaf41c06c3b2d3a2488644f11ed18d03ba6aa30,5.640095375,-0.996550935,0.551381186,-1.807372032,0.070704292,0.266071413,d__Bacteria,p__Firmicutes_A,c__Clostridia,o__Oscillospirales,f__Oscillospiraceae,g__Evtepia,s__Evtepia gabavorous
24b6004290a044a02985f9331eb0ba6da1321502,2.641975301,0.054905244,0.699311597,0.078513275,0.937419771,0.973054584,d__Bacteria,p__Firmicutes_A,c__Clostridia,o__Oscillospirales,f__Ruminococcaceae,g__Faecalibacterium,unidentified
365a58354dd6e8b08cfc461a6bc1b0c506a03970,1.427542106,-0.354327011,0.753574399,-0.470195128,0.638215615,NA,d__Bacteria,p__Firmicutes_A,c__Clostridia,o__Lachnospirales,f__Lachnospiraceae,g__Blautia_A,unidentified
57d9eb561f4af8cf48538f66d2c2dccfb93400d6,16.61096041,0.900287086,0.384183237,2.343379407,0.019109939,0.097597188,d__Bacteria,p__Firmicutes_A,c__Clostridia,o__Oscillospirales,f__Ruminococcaceae,g__Faecalibacterium,unidentified
229a814b5c505c97f735e8f3167eb8f0f5ca7aad,31.04335275,-1.205056018,0.398328658,-3.025280742,0.002484024,0.025372535,d__Bacteria,p__Firmicutes_A,c__Clostridia,o__Lachnospirales,f__Lachnospiraceae,g__Bariatricus,s__Bariatricus comes
dc20758b6dd8d11c84311219c3f5798372e27307,2.174604045,-0.378237241,0.65944359,-0.573570274,0.566258632,0.775406712,d__Bacteria,p__Firmicutes_A,c__Clostridia,o__Lachnospirales,f__Lachnospiraceae,g__Bariatricus,s__Bariatricus comes
ffe653666b9c65669cb9ac902afae7e4f49fb250,1.242247913,0.161231207,0.793429429,0.203208,0.83897246,NA,d__Bacteria,p__Firmicutes_A,c__Clostridia,o__Oscillospirales,f__Ruminococcaceae,g__Faecalibacterium,unidentified
f7659639cb043a85e7129c383fb65ddeea02f79f,2.529669288,-0.177826295,0.608086143,-0.292436027,0.769953266,0.905817801,d__Bacteria,p__Firmicutes_A,c__Clostridia,o__Oscillospirales,f__Ruminococcaceae,g__Faecalibacterium,unidentified
c1b52e859fa79c62da03cda54b69fde1228cb74e,1.514142639,-0.234790844,0.69192281,-0.339330979,0.734360408,NA,d__Bacteria,p__Firmicutes_A,c__Clostridia,o__Oscillospirales,f__Ruminococcaceae,g__Faecalibacterium,s__Faecalibacterium prausnitzii_I
6beec96d54649c95462dfba6208c2d8f7bb1c71d,7.463055585,-0.940926107,0.476923721,-1.972906915,0.048506169,0.204011239,d__Bacteria,p__Firmicutes_A,c__Clostridia,o__Lachnospirales,f__Lachnospiraceae,g__Eubacterium_F,s__Eubacterium_F sp003491505
4a4ed7aa92a7b36fa67b76897ed79407fb967f40,7.157486834,-0.663222971,0.550877486,-1.203939149,0.228613099,0.563649536,d__Bacteria,p__Firmicutes_A,c__Clostridia,o__Lachnospirales,f__Lachnospiraceae,unidentified,unidentified
ca7b3e6fe464f23ef4b0e89307331ca29931f71b,1.132437734,0.55170638,0.9023048,0.611441255,0.540907498,NA,d__Bacteria,p__Firmicutes_A,c__Clostridia,o__Oscillospirales,f__Acutalibacteraceae,g__Clostridium_A,s__Clostridium_A leptum
9c31dfa6f7c8e4640de67e176938ae2473778bb8,14.04121238,1.300004819,0.436162875,2.980548995,0.002877322,0.02649567,d__Bacteria,p__Firmicutes_A,c__Clostridia,o__Oscillospirales,f__Ruminococcaceae,g__Faecalibacterium,unidentified
a51471fd8fe3d4fc8f79035aa39051204b8b6919,6.450758288,0.991832487,0.462588973,2.144090209,0.032025659,0.143114666,d__Bacteria,p__Firmicutes_A,c__Clostridia,o__Lachnospirales,f__Lachnospiraceae,g__UBA7182,s__UBA7182 sp003481535
46a26ea67a22763d4eb55f6128f55d3f7594cf38,8.693088875,0.539974272,0.426143615,1.267118063,0.205113078,0.543169817,d__Bacteria,p__Firmicutes_A,c__Clostridia,o__Oscillospirales,f__Ruminococcaceae,g__Faecalibacterium,s__Faecalibacterium prausnitzii_G
449fd5fa2821b214383355589d381741c57cc0c7,172.132218,2.55711123,0.619787834,4.125784807,3.69E-05,0.001056692,d__Bacteria,p__Firmicutes_A,c__Clostridia,o__Oscillospirales,f__Acutalibacteraceae,g__Acutalibacter,unidentified
8323af0cf466af652a5ae38d870aefc5ddf1ccbe,3.488511899,2.633914613,0.746619471,3.5277872,0.000419049,0.007490499,d__Bacteria,p__Proteobacteria,c__Gammaproteobacteria,o__Burkholderiales,f__Burkholderiaceae,g__Sutterella,s__Sutterella wadsworthensis
f0cf92b841ad20e0ee2377f68be5de2023544f2e,1.022978234,0.007091093,0.844685338,0.008394952,0.993301876,NA,d__Bacteria,p__Firmicutes_A,c__Clostridia,o__Oscillospirales,f__Ruminococcaceae,g__Faecalibacterium,unidentified
88b73e73ba2223c6b3c23f72e11d0e4cd59fd1c9,3.971997025,0.879300753,0.538073105,1.634165963,0.102224007,0.339954257,d__Bacteria,p__Firmicutes_A,c__Clostridia,o__Oscillospirales,f__Ruminococcaceae,g__Faecalibacterium,unidentified
4394fda56b50d1489232c12ee107b649e2fc0b8f,2.982315182,-0.162961293,0.524902831,-0.310459923,0.756211232,0.905817801,d__Bacteria,p__Firmicutes_A,c__Clostridia,o__Lachnospirales,f__Lachnospiraceae,g__GCA-900066135,s__GCA-900066135 sp900066135
91798b8dabf1f158325c48b45c8cdbb228ae7ad3,1.106756154,-0.149441086,0.762909012,-0.195883237,0.844701558,NA,d__Bacteria,p__Firmicutes_A,c__Clostridia,o__Lachnospirales,f__Lachnospiraceae,g__Bariatricus,s__Bariatricus comes
28cc3ae988a6beca1a0bb19a995158df634086d0,1.421418318,1.714566288,0.948603775,1.807463067,0.070690108,NA,d__Bacteria,p__Firmicutes_A,c__Clostridia,o__Lachnospirales,f__Lachnospiraceae,g__CAG-45,s__CAG-45 sp900066395
92f1e65c6fbd7f1731b74fc41061f15fbe15ada7,2.968390718,0.52604942,0.594806344,0.88440452,0.376477884,0.70837286,d__Bacteria,p__Firmicutes_A,c__Clostridia,o__Oscillospirales,f__Ruminococcaceae,unidentified,unidentified
088ba54cafaafee29410b871cdd5f8c0c68f83e2,2.243356884,0.2276018,0.811550662,0.280452978,0.779129997,0.905817801,d__Bacteria,p__Firmicutes_A,c__Clostridia,o__Oscillospirales,f__Ruminococcaceae,g__Ruminococcus_D,s__Ruminococcus_D bicirculans
69c62d2b267499a312785ee15d9f8c8016b54b59,26.68157253,0.221521043,0.573699111,0.38612757,0.699402192,0.899281708,d__Bacteria,p__Firmicutes_A,c__Clostridia,o__Lachnospirales,f__Lachnospiraceae,g__Acetatifactor,s__Acetatifactor sp900066365
0cb9aab441208704c21d098ddccb437ad2bb5fc0,1.514830556,-1.231102949,0.698837862,-1.761643175,0.078129604,NA,d__Bacteria,p__Firmicutes_A,c__Clostridia,o__Oscillospirales,f__Butyricicoccaceae,g__Agathobaculum,s__Agathobaculum sp900291975
d5f4d2cf7b60ca7a0f8282d6290e9f1867f039c7,1.083664704,0.463221918,0.785190302,0.589948599,0.555225111,NA,d__Bacteria,p__Firmicutes_A,c__Clostridia,o__Oscillospirales,f__Ruminococcaceae,g__Faecalibacterium,unidentified
09ebf5e99cc6884728b1e48731514e571ba35192,3.044468488,0.666468305,0.679956135,0.980163676,0.327005331,0.663990644,d__Bacteria,p__Firmicutes_A,c__Clostridia,o__Lachnospirales,f__Lachnospiraceae,g__Agathobacter,s__Agathobacter rectalis
6bbd9bd068a62b472db5b00f5584dd3c92732802,2.36676229,-0.661781505,0.80257799,-0.824569715,0.409615921,0.714330204,d__Bacteria,p__Firmicutes_A,c__Clostridia,o__Lachnospirales,f__Lachnospiraceae,g__Mediterraneibacter,s__Mediterraneibacter faecis
ba791dfc8dca669c03e527fd706ee0125da42517,39.36925254,-0.362952448,0.409931273,-0.88539829,0.375941854,0.70837286,d__Bacteria,p__Firmicutes_A,c__Clostridia,o__Lachnospirales,f__Lachnospiraceae,g__Anaerostipes,unidentified
39ef78722b11c2d9f9c69e6564b383c84300228f,1.523446666,0.672752444,0.754029993,0.892209131,0.372280849,NA,d__Bacteria,p__Firmicutes_A,c__Clostridia,o__Lachnospirales,f__Lachnospiraceae,g__Agathobacter,s__Agathobacter rectalis
e4371020bed5f17b127cd7049e5d5532b92f6974,50.17136263,0.314542898,0.49718811,0.632643646,0.526966378,0.769747697,d__Bacteria,p__Firmicutes,c__Bacilli,o__Erysipelotrichales,f__Erysipelatoclostridiaceae,g__Erysipelatoclostridium,unidentified
dbf502fe989ce252bff207c8c4a074c2308ddda9,3.511058864,-1.010757647,0.950847819,-1.063006748,0.287778891,0.63584712,d__Bacteria,p__Firmicutes_A,c__Clostridia,o__Oscillospirales,f__Oscillospiraceae,g__Lawsonibacter,s__Lawsonibacter sp900066645
a65646c524133bc43e4b27e8e15fab8aa80c506a,1.613799025,0.912630246,0.736018422,1.239955712,0.214991776,NA,d__Bacteria,p__Firmicutes_A,c__Clostridia,o__Oscillospirales,f__Ruminococcaceae,g__Faecalibacterium,unidentified
679bf6dedac5317b78b16ef2060c2a0a9d19613b,132.1906014,-0.014913836,0.509516136,-0.029270586,0.976648786,0.99050196,d__Bacteria,p__Actinobacteriota,c__Actinomycetia,o__Actinomycetales,f__Bifidobacteriaceae,g__Bifidobacterium,unidentified
f365738c71e50efccb706f840e4361deabb14e30,6.938398,2.561083182,0.585925171,4.371007269,1.24E-05,0.000442137,d__Bacteria,p__Firmicutes_A,c__Clostridia,o__Oscillospirales,f__Acutalibacteraceae,g__Acutalibacter,s__Acutalibacter sp003612555
ab769af38381af259044566d973425008cc13b59,2.457381665,0.649633549,0.847844209,0.766218065,0.443546561,0.746201862,d__Bacteria,p__Firmicutes_C,c__Negativicutes,o__Acidaminococcales,f__Acidaminococcaceae,g__Phascolarctobacterium_A,unidentified
299c11837af517b02d32f9fbe1ffa7a4d07ded53,2.717998877,-0.038762058,0.915880771,-0.042322167,0.966241875,0.986947058,d__Bacteria,p__Firmicutes_A,c__Clostridia,o__Clostridiales,f__Clostridiaceae,g__Clostridium,unidentified
6ebaaa0de2583d3e5a9807d3e9303c3f39faa3e7,2.485109593,0.370192299,0.649680396,0.569806787,0.568808752,0.775406712,d__Bacteria,p__Firmicutes_A,c__Clostridia,o__Lachnospirales,f__Lachnospiraceae,g__Roseburia,unidentified
47178821b2360aa05087a18fd4fa8a01536260d3,3.402187366,0.92256339,0.841158038,1.096777715,0.272738574,0.624114351,d__Bacteria,p__Firmicutes_A,c__Clostridia,o__Lachnospirales,f__Lachnospiraceae,g__Enterocloster,unidentified
a42e523d461e0edcbeec68fef218846145754596,7.771249864,-1.632727368,0.578414379,-2.82276414,0.004761158,0.035833982,d__Bacteria,p__Firmicutes_A,c__Clostridia,o__Lachnospirales,f__Lachnospiraceae,g__Eubacterium_I,s__Eubacterium_I ramulus
ce00cbb497d3ccb366a313765a0e57eeb56dedcf,56.34089553,-0.493326708,0.442224078,-1.115558226,0.264611282,0.624114351,d__Bacteria,p__Firmicutes_A,c__Clostridia,o__Lachnospirales,f__Lachnospiraceae,g__Blautia_A,s__Blautia_A sp900066165
b495ae88bd7ac5b904e5ffca104c3620d1831f83,1.429695005,-1.043925672,0.870261416,-1.199554126,0.230312552,NA,d__Bacteria,p__Firmicutes_A,c__Clostridia,o__Lachnospirales,f__Lachnospiraceae,g__Anaerostipes,unidentified
bb1793f7912a8d2d125805b91decc73bfbeea560,14.34734969,-0.46178149,0.441590132,-1.045724206,0.295688384,0.63584712,d__Bacteria,p__Firmicutes_A,c__Clostridia,o__Lachnospirales,f__Lachnospiraceae,g__Dorea,s__Dorea formicigenerans
5a7519b74e34ac79f03f479669aa9a9dce355db1,1.349017089,0.116558568,0.65966377,0.176693905,0.859748829,NA,d__Bacteria,p__Firmicutes_A,c__Clostridia,o__Oscillospirales,f__Oscillospiraceae,g__Lawsonibacter,s__Lawsonibacter asaccharolyticus
15ba7729615b360b7eb71dc8f3a0f32755dcc5bf,3.320320373,-0.317516725,0.706565244,-0.449380617,0.653157111,0.849104244,d__Bacteria,p__Bacteroidota,c__Bacteroidia,o__Bacteroidales,f__Bacteroidaceae,g__Phocaeicola,s__Phocaeicola vulgatus
cb81967b67e9d8e270309a1e0464d22844e196d3,25.44931551,0.060236926,0.313489634,0.192149659,0.847624977,0.932387475,d__Bacteria,p__Firmicutes_A,c__Clostridia,o__Oscillospirales,f__Ruminococcaceae,g__Faecalibacterium,unidentified
b7d628ff322d0f72e9fa7807abcc908c2a7c506e,11.67036475,-0.418620906,0.571369145,-0.732662781,0.46376413,0.762278972,d__Bacteria,p__Firmicutes_A,c__Clostridia,o__Lachnospirales,f__Lachnospiraceae,g__Eubacterium_G,unidentified
c9d6a8a871f295bb3f5b605ce14c7995fac20797,0.912623465,-1.101965423,0.912185454,-1.208049764,0.227028121,NA,d__Bacteria,p__Firmicutes_A,c__Clostridia,o__Oscillospirales,f__Ruminococcaceae,g__Faecalibacterium,unidentified
1cacaffd23418c9ec430b1636a51b6fb90f05682,2.719172059,0.253621394,0.799836136,0.317091692,0.751174029,0.905817801,d__Bacteria,p__Firmicutes,c__Bacilli,o__Erysipelotrichales,f__Erysipelatoclostridiaceae,g__Erysipelatoclostridium,s__Erysipelatoclostridium spiroforme
d6066493255f287eb4cc1edf60657d74b7482cf7,18.86124773,-0.275303886,0.337860939,-0.814843784,0.415161735,0.715278652,d__Bacteria,p__Firmicutes_A,c__Clostridia,o__Monoglobales_A,f__UBA1381,g__CAG-41,s__CAG-41 sp900066215
b4d4d0b17bebd929bb575acd4ca05f9f230a2ade,1.409645019,0.550028965,0.751662798,0.731749618,0.464321405,NA,d__Bacteria,p__Firmicutes_A,c__Clostridia,o__Oscillospirales,f__Ruminococcaceae,g__Faecalibacterium,unidentified
5167c729ec1dc8446a800b6293043ce5db4a8d8b,2.090068105,0.775910787,0.629663642,1.232262331,0.217851106,0.556298361,d__Bacteria,p__Firmicutes_A,c__Clostridia,o__Lachnospirales,f__Lachnospiraceae,g__Roseburia,unidentified
5ad2b522cd7ee303c1d3632bd138a9193537eaf6,1.216412485,-0.534287679,0.837571295,-0.637901133,0.52353804,NA,d__Bacteria,p__Firmicutes_A,c__Clostridia,o__Peptostreptococcales,f__Anaerovoracaceae,g__UBA1191,s__UBA1191 sp900066305
c34ebe0f55b9acc606940df6578ae08bc7efb2e9,31.40857063,-1.330411531,0.72122214,-1.844662631,0.06508663,0.25155103,d__Bacteria,p__Firmicutes_A,c__Clostridia,o__Oscillospirales,f__Oscillospiraceae,g__ER4,s__ER4 sp000765235
188f280b73ec30880a9c43981864b5f5f9b94bb3,5.551318079,0.285680842,0.492207111,0.580407791,0.561639652,0.775406712,d__Bacteria,p__Firmicutes_A,c__Clostridia,o__Oscillospirales,f__Ruminococcaceae,g__Faecalibacterium,unidentified
a92fc23748ab411a3df5d847e72c1b39b96e011c,16.51236426,0.772119415,0.277553605,2.781874933,0.005404586,0.036802659,d__Bacteria,p__Firmicutes_A,c__Clostridia,o__Oscillospirales,f__Ruminococcaceae,g__Faecalibacterium,unidentified
fc6062fbd852cb1a06569c0c3d49f5e31cf54e50,9.051389369,-0.51739743,0.782811133,-0.66094797,0.508645681,0.769747697,d__Bacteria,p__Firmicutes_A,c__Clostridia,o__Lachnospirales,f__Lachnospiraceae,g__Mediterraneibacter,s__Mediterraneibacter lactaris
495a49cbb979196f18349c10b8d6451a533f3cd9,1.856336973,1.28649577,0.893482341,1.439867036,0.149905021,NA,d__Bacteria,p__Firmicutes_A,c__Clostridia,o__Oscillospirales,f__Acutalibacteraceae,g__Ruminococcus_E,unidentified
27be4d627b4d9a47c20b7a1b4c2bd12d37f5d580,28.60178342,-0.613730172,0.446190182,-1.375490087,0.168979557,0.473805424,d__Bacteria,p__Firmicutes_A,c__Clostridia,o__Lachnospirales,f__Lachnospiraceae,g__Blautia_A,unidentified
6869a3eb95a7a0112c161888c112c45d844550b9,13.73269554,-0.1093507,0.61377762,-0.178160128,0.858597222,0.937247349,d__Bacteria,p__Firmicutes_A,c__Clostridia,o__Lachnospirales,f__Lachnospiraceae,g__Lachnospira,s__Lachnospira rogosae
c05ac4ef006d5ebee7ef782cf4862550bddb288d,0.783600182,0.468897838,0.89172657,0.525831408,0.59900535,NA,d__Bacteria,p__Firmicutes_A,c__Clostridia_A,o__Christensenellales,f__CAG-74,g__OEMS01,s__OEMS01 sp900199405
6566a655fc60fa9e93493605a47ce50ef88571ce,10.78228507,-0.039235217,0.412187655,-0.095187753,0.924165697,0.97173305,d__Bacteria,p__Desulfobacterota,c__Desulfovibrionia,o__Desulfovibrionales,f__Desulfovibrionaceae,g__Bilophila,s__Bilophila wadsworthia
d2014fed5893c9932ee5adbb6338d19ffba9d929,1.686247895,-1.144683766,0.752535342,-1.521103,0.128233992,NA,d__Bacteria,p__Firmicutes_A,c__Clostridia,o__Lachnospirales,f__Lachnospiraceae,g__Blautia_A,unidentified
23d5620904ca85369637b0c1857b98a20de7504f,16.29170981,-0.262799696,0.804820561,-0.326532035,0.744021856,0.905817801,d__Bacteria,p__Firmicutes_A,c__Clostridia,o__Oscillospirales,f__Ruminococcaceae,g__Ruminococcus_C,s__Ruminococcus_C callidus
4ab4fe472b935c78c8a89f4b464362b55b51ab97,0.863591963,-0.182481947,0.868386364,-0.210139121,0.833559093,NA,d__Bacteria,p__Firmicutes_A,c__Clostridia,o__Oscillospirales,f__Ruminococcaceae,g__Faecalibacterium,unidentified
ddb9934086bc49fdc817681a462375f5bad4bef6,11.37608294,0.134051387,0.372027254,0.360326791,0.718602766,0.901405224,d__Bacteria,p__Firmicutes_A,c__Clostridia,o__Lachnospirales,f__Lachnospiraceae,unidentified,unidentified
40644d3d4964aa81081ea54bb4d0f55d42dda218,0.72699421,-0.06159815,0.858541498,-0.071747435,0.942802906,NA,d__Bacteria,p__Firmicutes_A,c__Clostridia,o__Monoglobales_A,f__UBA1381,g__CAG-41,s__CAG-41 sp900066215
fe323f9961dca1ab1b7647f2a6b13195107544a5,2.914653888,2.859834447,0.736020533,3.88553623,0.000102104,0.002085844,d__Bacteria,p__Firmicutes_A,c__Clostridia,o__Oscillospirales,f__Acutalibacteraceae,g__Acutalibacter,unidentified
30ecb1f1da3b85a41369a9b25887d8b07cbb6c01,1.592973874,-0.433142951,0.748222709,-0.578895756,0.562659514,NA,d__Bacteria,p__Firmicutes_A,c__Clostridia,o__Lachnospirales,f__Lachnospiraceae,g__Blautia_A,unidentified
671422b28fa5da38bdd1506979fcf36ab59c7db5,5.29684765,1.098894555,0.764878201,1.436692212,0.150805469,0.458024481,d__Bacteria,p__Firmicutes_A,c__Clostridia,o__Oscillospirales,f__Oscillospiraceae,unidentified,unidentified
9af14b5aad352fb0a49c38edfe2a1e554ad17d6b,1.45904605,0.032014842,0.767099681,0.041734917,0.966710018,NA,d__Bacteria,p__Firmicutes_A,c__Clostridia,o__Lachnospirales,f__Lachnospiraceae,g__Anaerostipes,unidentified
d9290a730857856a7fe7d7fe49aa58dc09cef827,3.690845289,-0.469147929,0.494732578,-0.948285903,0.342983926,0.671872621,d__Bacteria,p__Firmicutes_A,c__Clostridia,o__Oscillospirales,f__Ruminococcaceae,g__Gemmiger,s__Gemmiger sp900540595
077824d9b0bab5fccf0e49cfa165947bf2afc8c2,0.926229452,-0.405135613,0.978523092,-0.414027646,0.67885386,NA,d__Bacteria,p__Firmicutes_A,c__Clostridia,o__Oscillospirales,f__Ruminococcaceae,g__Faecalibacterium,unidentified
432432006c132441636ae39ad1ece089eb418b98,4.091948493,-0.201556066,0.77633548,-0.259624957,0.795153083,0.909655127,d__Bacteria,p__Firmicutes_A,c__Clostridia,o__Oscillospirales,f__Oscillospiraceae,g__Lawsonibacter,s__Lawsonibacter sp900066825
d88ad732eb7b9e1f6ab2e218b6bb69ad7e4c4e7e,23.65822611,-0.857987259,0.601490123,-1.426436156,0.153742483,0.458024481,d__Bacteria,p__Firmicutes_A,c__Clostridia,o__Oscillospirales,f__Ruminococcaceae,g__Gemmiger,s__Gemmiger variabilis_B
c45579a754948828cbb2d3bc947d73151c7c3abf,1.381634674,-0.080063614,0.915065562,-0.087494949,0.9302781,NA,d__Bacteria,p__Firmicutes_A,c__Clostridia,o__Oscillospirales,unidentified,unidentified,unidentified
d15c871f7c0c5980056e4fcf90f8f253d7e620b5,14.69920645,0.811321602,0.779430185,1.040916324,0.297914385,0.63584712,d__Bacteria,p__Firmicutes_A,c__Clostridia,o__Oscillospirales,f__Oscillospiraceae,g__CAG-110,s__CAG-110 sp900315595
6c2d667e80d19b83f3777c96d2f00afe1b011393,26.00535964,0.282719678,0.543213196,0.520458045,0.602744363,0.805536859,d__Bacteria,p__Firmicutes_A,c__Clostridia,o__Lachnospirales,f__Lachnospiraceae,g__Lachnospira,unidentified
9d2905a62186f9683fc0d395582eb40e6d8d9ef8,16.84899227,-0.46297044,0.752297996,-0.615408313,0.538285103,0.769747697,d__Bacteria,p__Firmicutes_A,c__Clostridia,o__Lachnospirales,f__Lachnospiraceae,g__UMGS1375,s__UMGS1375 sp900066615
113d81c9bede10cb439f923c8bfe0cb32890ea3a,8.020738091,-0.001725754,0.639544333,-0.002698411,0.997846982,0.997846982,d__Bacteria,p__Firmicutes_A,c__Clostridia,o__Lachnospirales,f__Lachnospiraceae,g__Ruminococcus_A,s__Ruminococcus_A sp000437095
3dda5fcad5f5227b7ddac18744495706138f73bc,10.18502481,1.300796317,0.553859419,2.348603765,0.018843948,0.097597188,d__Bacteria,p__Firmicutes_A,c__Clostridia,o__Oscillospirales,f__Oscillospiraceae,g__Oscillibacter,s__Oscillibacter welbionis
01eb78f6a3e2cae974465460b01bcf732f9273cf,55.3561864,-0.571749363,0.758095424,-0.754191814,0.450734052,0.749476389,d__Bacteria,p__Firmicutes,c__Bacilli,o__Erysipelotrichales,f__Erysipelotrichaceae,g__Holdemanella,unidentified
2d116b7d8c4c568009315e7df2f689e147e02ad6,1.133692783,1.376541422,0.815215177,1.688562064,0.091303386,NA,d__Bacteria,p__Firmicutes_A,c__Clostridia,o__Lachnospirales,f__Lachnospiraceae,unidentified,unidentified
548349490691e1bb24a0ee0d5c0b4c0fbd1abe95,22.94261811,-0.851586255,0.386326306,-2.204318581,0.027501947,0.12686382,d__Bacteria,p__Firmicutes_A,c__Clostridia,o__Oscillospirales,f__Butyricicoccaceae,g__Agathobaculum,s__Agathobaculum butyriciproducens
d86e4f305591eb033e1607e4ec0f3a9217fefc22,28.02261048,-0.523708493,0.309769394,-1.690639886,0.090905602,0.317061002,d__Bacteria,p__Firmicutes_A,c__Clostridia,o__Lachnospirales,f__Lachnospiraceae,g__Anaerobutyricum,s__Anaerobutyricum hallii
2532139d61775fab74bcb3d07da851a0110ddd6b,131.496812,-0.626015128,0.28360534,-2.207346056,0.027289892,0.12686382,d__Bacteria,p__Firmicutes_A,c__Clostridia,o__Lachnospirales,f__Lachnospiraceae,g__Blautia_A,unidentified
ae70e2aeee2bb4a0d716662e431a543986b0f27c,3.243044882,0.109061388,0.508810482,0.214345796,0.830277408,0.932387475,d__Bacteria,p__Firmicutes_A,c__Clostridia,o__Oscillospirales,f__Ruminococcaceae,unidentified,unidentified
91aa7c66e1bd103bb527bb2c1251c5f68df52689,4.616773869,-0.638275749,0.654795331,-0.974771381,0.329673676,0.663990644,d__Bacteria,p__Firmicutes_A,c__Clostridia,o__Peptostreptococcales,f__Peptostreptococcaceae,unidentified,unidentified
0cdc1e051d130da702039473f57152b7f01b5a24,80.6097657,0.464156515,0.714938055,0.649226197,0.516192181,0.769747697,d__Bacteria,p__Firmicutes_A,c__Clostridia,o__Oscillospirales,f__Acutalibacteraceae,g__Ruminococcus_E,unidentified
9f2814d1a5f12c8ad70ee55a92c7ef759be7b6f4,1.656828914,0.328223075,0.908866059,0.361134704,0.717998752,NA,d__Bacteria,p__Firmicutes_A,c__Clostridia,o__Lachnospirales,f__Lachnospiraceae,g__Agathobacter,s__Agathobacter rectalis
a6837280a6c2d1f126560d1ec08012829a382101,6.997503611,0.124719037,0.440191021,0.283329352,0.776924379,0.905817801,d__Bacteria,p__Firmicutes_A,c__Clostridia,o__Lachnospirales,f__Lachnospiraceae,unidentified,unidentified
2a934c2cddd122b16f0ccf9ca0ed9f7c7567cf34,1.302998177,-0.348285583,0.75846935,-0.45919533,0.646093904,NA,d__Bacteria,p__Firmicutes_A,c__Clostridia,o__Lachnospirales,f__Lachnospiraceae,g__Dorea,unidentified
928b389a9f0854194fe112f464a94c3cc1f41476,0.858389263,0.207165165,0.961586766,0.215440949,0.829423547,NA,d__Bacteria,p__Firmicutes_A,c__Clostridia,o__Oscillospirales,f__Ruminococcaceae,g__Faecalibacterium,unidentified
2b14337d91b62ea8f0320d3c430a06c5b96e3755,3.084297355,0.625348787,0.739048763,0.846153621,0.397467051,0.710472354,d__Bacteria,p__Firmicutes_A,c__Clostridia,o__Oscillospirales,f__Oscillospiraceae,g__CAG-83,s__CAG-83 sp900545585
93c154a8c84a9b6b43777d555a4e2f3a837e9168,1.50410315,2.806754171,1.016338039,2.761634479,0.005751283,NA,d__Bacteria,p__Firmicutes_A,c__Clostridia,o__Oscillospirales,f__Ruminococcaceae,g__Faecalibacterium,unidentified
71135c71f7d9adfaa01e86e080dbda10e0bc5c09,0.904206412,0.81818084,0.931697611,0.878161358,0.379856159,NA,d__Bacteria,p__Firmicutes_A,c__Clostridia,o__Lachnospirales,f__Lachnospiraceae,g__Agathobacter,s__Agathobacter rectalis
9c31591bb0d899dabfe75eed0297d60c03264142,97.510957,0.260143935,0.856483967,0.30373474,0.761329989,0.905817801,d__Bacteria,p__Firmicutes_C,c__Negativicutes,o__Veillonellales,f__Dialisteraceae,g__Dialister,s__Dialister invisus
c0d465eb68a0c18b5b98196e08ab5eb830402d2d,3.665954513,0.466090307,0.712588063,0.654080993,0.513059627,0.769747697,d__Bacteria,p__Firmicutes_A,c__Clostridia,o__Lachnospirales,f__Lachnospiraceae,unidentified,unidentified
73cd2913776f2591c477a56f56e6ded8ef5fb05f,1.505021915,-0.001821128,0.684203524,-0.002661676,0.997876293,NA,d__Bacteria,p__Firmicutes_A,c__Clostridia,o__Lachnospirales,f__Lachnospiraceae,g__Roseburia,s__Roseburia hominis
5265b7c5161a001d33c3dcc015fc4177889f5faa,0.783205364,0.849735415,0.997676745,0.851714164,0.394372757,NA,d__Bacteria,p__Firmicutes_A,c__Clostridia,o__Lachnospirales,f__Lachnospiraceae,g__Agathobacter,s__Agathobacter rectalis
07443c4ebca15c568e2e38f997cf05fc4d7390c1,2.114088264,0.181963698,0.771543202,0.235843822,0.813553862,0.923319065,d__Bacteria,p__Proteobacteria,unidentified,unidentified,unidentified,unidentified,unidentified
2c8d9501560014a86daf1a0a03a71dd8a4db55a7,7.054439499,0.78900254,0.407303124,1.937138445,0.052728422,0.215433268,d__Bacteria,p__Firmicutes_A,c__Clostridia,o__Oscillospirales,f__Ruminococcaceae,g__Faecalibacterium,s__Faecalibacterium prausnitzii_G
60bd03befc919c5e45cdf601db061ab934660777,2.709187927,0.209684365,0.78232571,0.268026938,0.788678583,0.909524495,d__Bacteria,p__Bacteroidota,c__Bacteroidia,o__Bacteroidales,unidentified,unidentified,unidentified
66d2c3a50114463c5d0d560f35dd9be44be63562,2.280009866,0.005581326,0.916704305,0.006088469,0.995142135,0.997846982,d__Bacteria,p__Firmicutes_A,c__Clostridia,o__Oscillospirales,f__Oscillospiraceae,g__CAG-83,s__CAG-83 sp900545585
978fad1ec061a29475b8d791a72beaebf4eaab1d,118.2607646,0.567646237,0.961049951,0.590652168,0.554753503,0.775406712,d__Bacteria,p__Verrucomicrobiota,c__Verrucomicrobiae,o__Verrucomicrobiales,f__Akkermansiaceae,g__Akkermansia,s__Akkermansia muciniphila
0dc238d6baf91f7308a0bc41893960a27bbf9ba0,43.47161645,-1.632874154,0.475139451,-3.436620868,0.000589019,0.009358865,d__Bacteria,p__Firmicutes_A,c__Clostridia,o__Lachnospirales,f__Lachnospiraceae,g__Dorea,unidentified
d8da9d5dd748453bb6334672312a3b5ab268ccb0,10.35136855,-0.459401974,0.938192504,-0.489667069,0.624369508,0.81912697,d__Bacteria,p__Firmicutes_A,c__Clostridia,o__Lachnospirales,f__Lachnospiraceae,g__Ruminococcus_B,s__Ruminococcus_B gnavus
656571d8a125f674776c377fbb56c2cf8c1d26fc,1.087746655,-0.435085424,0.881979762,-0.493305451,0.621796777,NA,d__Bacteria,p__Actinobacteriota,c__Coriobacteriia,o__Coriobacteriales,unidentified,unidentified,unidentified
361d08513ea60b7cdb0e42ba5fbf4800068dc6a2,2.30080546,-0.6244605,0.649530343,-0.961403122,0.336349515,0.66802751,d__Bacteria,p__Firmicutes,c__Bacilli,o__Erysipelotrichales,f__Erysipelotrichaceae,g__Holdemania,s__Holdemania filiformis
a02399dd0c40daa7039f8a014022e1129a33a24c,24.52935624,1.141234968,0.392336492,2.908816775,0.003627994,0.028822398,d__Bacteria,p__Firmicutes_A,c__Clostridia,o__Lachnospirales,f__Lachnospiraceae,g__Enterocloster,s__Enterocloster sp000431375
fe6653478d002a20b59b80329b8eb1e2efed5255,1.386803676,0.208589053,0.789312599,0.264266722,0.791574401,NA,d__Bacteria,p__Firmicutes,c__Bacilli,o__Erysipelotrichales,f__Erysipelatoclostridiaceae,g__Erysipelatoclostridium,unidentified
8add97013db17fcb4994b45891feec593689708d,1.408980221,-0.180958374,0.808242521,-0.223891183,0.822841977,NA,d__Bacteria,p__Firmicutes_A,c__Clostridia,o__Oscillospirales,f__Acutalibacteraceae,g__Ruminococcus_E,unidentified
05c3ed1450bec5332963c681037a93036a645562,1.623249228,0.267701676,0.613307054,0.436488826,0.662482105,NA,d__Bacteria,p__Firmicutes_A,c__Clostridia,o__Oscillospirales,f__Ruminococcaceae,g__Faecalibacterium,unidentified
ce71ce53fd98e408e6a91533210260d5cbe39f05,2.355485883,-2.093063722,0.704405588,-2.971390004,0.00296455,0.02649567,d__Bacteria,p__Firmicutes_A,c__Clostridia,o__Oscillospirales,f__Ruminococcaceae,g__Negativibacillus,s__Negativibacillus massiliensis
b8d34c828fd671a484cf168d70647ca6f3854971,4.207264155,-0.391826363,0.623446541,-0.6284843,0.529686728,0.769747697,d__Bacteria,p__Firmicutes_A,c__Clostridia,o__Lachnospirales,f__Lachnospiraceae,g__TF01-11,s__TF01-11 sp003529475
afb6a754e68c4f32662fcf9355c78bf3292c9ae5,82.96565816,-1.459832677,0.47222884,-3.091367049,0.001992372,0.023742431,d__Bacteria,p__Firmicutes_A,c__Clostridia,o__Lachnospirales,f__Lachnospiraceae,g__Blautia_A,unidentified
ca3e3c4f5a44f620029878f221a7467c8c5974a5,3.223411346,0.086924555,0.662537566,0.131199436,0.895617542,0.962957207,d__Bacteria,p__Firmicutes_A,c__Clostridia,o__Oscillospirales,f__Acutalibacteraceae,g__Ruminococcus_E,unidentified
2d26860381688c1d26d8fb5c0a63806caa4c87a7,14.27598976,-0.49670959,0.401275837,-1.237825814,0.215780654,0.556298361,d__Bacteria,p__Firmicutes_A,c__Clostridia_A,o__Christensenellales,f__CAG-74,g__OEMS01,s__OEMS01 sp900199405
dac05d85846d9020d0cda2217c34a477a3379e0b,3.856274116,-1.690534025,0.679686721,-2.487225324,0.012874383,0.07364147,d__Bacteria,p__Actinobacteriota,c__Coriobacteriia,o__Coriobacteriales,f__Eggerthellaceae,g__Adlercreutzia,unidentified
09930d6d3a3ab4b96fdda892465bb0853ad2651d,1.368593397,-0.561737105,0.742160681,-0.756894187,0.449113258,NA,d__Bacteria,p__Firmicutes_A,c__Clostridia,o__Lachnospirales,f__Lachnospiraceae,g__Anaerobutyricum,s__Anaerobutyricum hallii
33ce45e961db43f499944f132d53680e158365da,2.266809049,-0.796258863,0.591944499,-1.345157973,0.178574225,0.482323906,d__Bacteria,p__Firmicutes_A,c__Clostridia,o__Lachnospirales,f__Lachnospiraceae,g__Anaerobutyricum,s__Anaerobutyricum hallii_A
7af307f5655cf98efbfd688d550d293582244b80,4.389880512,-1.627117268,0.62587594,-2.599744079,0.009329331,0.055587262,d__Bacteria,p__Firmicutes_A,c__Clostridia,o__Lachnospirales,f__Lachnospiraceae,unidentified,unidentified
7bf82ac115f0bc67a6af6fe53f18677c47e62d08,392.8424233,-0.267773029,0.334731282,-0.799964161,0.423731562,0.72135254,d__Bacteria,p__Firmicutes_A,c__Clostridia,o__Lachnospirales,f__Lachnospiraceae,g__Agathobacter,s__Agathobacter rectalis
ae5047c65dfe1f83d5d8dcb3820255b5cc859c68,3.12539018,-0.140936906,0.851851929,-0.165447657,0.868591646,0.940974283,d__Bacteria,p__Firmicutes_A,c__Clostridia,o__Lachnospirales,f__Lachnospiraceae,g__Roseburia,unidentified
e9f9b8051cb5867b5a2c799e6e4262019945c0e4,3.866802369,0.364870459,1.124695181,0.324417198,0.745622201,0.905817801,d__Bacteria,p__Firmicutes_A,c__Clostridia,o__Lachnospirales,f__Lachnospiraceae,g__Muricomes,s__Muricomes fissicatena
4a7f09c6bc868610e2e72d6fef28d1ef34b3bb8e,61.29974608,-0.55927963,0.676955662,-0.826168775,0.408708358,0.714330204,d__Bacteria,p__Firmicutes_A,c__Clostridia,o__Oscillospirales,f__Ruminococcaceae,g__Ruminococcus_D,s__Ruminococcus_D bicirculans
38971f4e99cd439588e1437c12164a367af697b4,4.928402547,1.754266746,0.595083892,2.947931828,0.003199076,0.026909875,d__Bacteria,p__Firmicutes_A,c__Clostridia,o__Oscillospirales,f__Ruminococcaceae,g__Faecalibacterium,unidentified
9ff47bb3354cc4fcf0f978923143b5f65f460047,2.646870719,1.233462549,0.879127309,1.403053387,0.16060092,0.46869248,d__Bacteria,p__Firmicutes_A,c__Clostridia,o__Oscillospirales,f__Ruminococcaceae,g__Faecalibacterium,unidentified